,portfolio,investment,cash
2019-10-24 09:15:00,200000.0,0.0,200000.0
2019-10-25 09:15:00,200000.0,0.0,200000.0
2019-10-27 18:00:00,200000.0,0.0,200000.0
2019-10-29 09:15:00,201712.1082232,153100.93820617002,48611.170017029974
2019-10-30 09:15:00,202481.71791766994,153870.54790063997,48611.170017029974
2019-10-31 09:15:00,203623.42555443998,155012.25553741,48611.170017029974
2019-11-01 09:15:00,204088.88734322,155605.23874697002,48483.64859624997
2019-11-04 09:15:00,204958.46995844,156474.82136219,48483.64859624997
2019-11-05 09:15:00,203376.28843677993,154892.63984052997,48483.64859624997
2019-11-06 09:15:00,202870.09045664995,153908.93893016997,48961.151526479975
2019-11-07 09:15:00,203239.12801843995,154277.97649195997,48961.151526479975
2019-11-08 09:15:00,201656.52514259,152695.37361611,48961.151526479975
2019-11-11 09:15:00,202544.51747954992,154096.68337921996,48447.83410032997
2019-11-13 09:15:00,201074.98842442996,152627.15432409997,48447.83410032997
2019-11-14 09:15:00,200785.24908329995,199734.41498297,1050.834100329972
2019-11-15 09:15:00,200676.86148987996,152125.01302913,48551.84846074997
2019-11-18 09:15:00,201585.73430697992,153033.88584622997,48551.84846074997
2019-11-19 09:15:00,201715.97871116002,153164.13025041003,48551.84846074997
2019-11-20 09:15:00,201793.22910781996,151728.36626312998,50064.86284468997
2019-11-21 09:15:00,201380.96014810994,151316.09730341999,50064.86284468997
2019-11-22 09:15:00,201529.20245199004,151464.33960730006,50064.86284468997
2019-11-25 09:15:00,203140.33294626,154808.27080900004,48332.06213725997
2019-11-26 09:15:00,202770.81609063002,154438.75395337003,48332.06213725997
2019-11-27 09:15:00,203376.68107752997,155044.61894027,48332.06213725997
2019-11-28 09:15:00,203618.47829518994,155841.91277995997,47776.56551522997
2019-11-29 09:15:00,204223.46216705997,156446.89665183,47776.56551522997
2019-12-02 09:15:00,203468.42817183,155691.86265660002,47776.56551522997
2019-12-03 09:15:00,201988.55563023002,153540.28762900006,48448.268001229975
2019-12-04 09:15:00,202181.11151520998,201810.84351398,370.2680012299752
2019-12-05 09:15:00,201509.08021915995,201138.81221792998,370.2680012299752
2019-12-06 09:15:00,200104.74555996995,152668.96907063996,47435.77648932998
2019-12-09 09:15:00,199828.93697946996,152393.16049013997,47435.77648932998
2019-12-10 09:15:00,198232.68719678,150796.91070745,47435.77648932998
2019-12-11 09:15:00,198139.64513361003,150456.05449194004,47683.59064166998
2019-12-12 09:15:00,199637.82798885,151954.23734718002,47683.59064166998
2019-12-13 09:15:00,201101.25946968005,153417.66882801006,47683.59064166998
2019-12-16 09:15:00,200665.19167111994,154383.18484493997,46282.00682617998
2019-12-17 09:15:00,202441.92834855002,156159.92152237004,46282.00682617998
2019-12-18 09:15:00,202736.51807261,156454.51124643002,46282.00682617998
2019-12-19 09:15:00,203369.89454452996,156000.10209869,47369.79244583998
2019-12-20 09:15:00,203643.00696258998,156273.21451675,47369.79244583998
2019-12-23 09:15:00,203626.66010066995,156256.86765482996,47369.79244583998
2019-12-24 09:15:00,203916.82029223,202793.02784639,1123.7924458399793
2019-12-26 09:15:00,204012.26410027005,202888.47165443006,1123.7924458399793
2019-12-27 09:15:00,204217.16807843995,203093.3756326,1123.7924458399793
2019-12-30 09:15:00,204937.66764133004,157369.14134888005,47568.526292449984
2019-12-31 09:15:00,205226.40875314001,157657.88246069002,47568.526292449984
2020-01-01 09:15:00,206060.38338537002,158491.85709292002,47568.526292449984
2020-01-02 09:15:00,209265.51357894996,160412.10631367998,48853.40726526998
2020-01-03 09:15:00,209429.32283925996,160575.91557398997,48853.40726526998
2020-01-06 09:15:00,205967.33536049005,157113.92809522006,48853.40726526998
2020-01-07 09:15:00,207900.99443875,158330.98109797,49570.01334077998
2020-01-08 09:15:00,207977.28358488998,158407.27024411,49570.01334077998
2020-01-09 09:15:00,210802.59620749997,161232.58286671998,49570.01334077998
2020-01-10 09:15:00,211323.76840358993,163307.09385617994,48016.67454740998
2020-01-13 09:15:00,212878.50074285993,164861.82619544995,48016.67454740998
2020-01-14 09:15:00,214582.96533895,213881.69076154,701.2745774099822
2020-01-15 09:15:00,216188.69876805,169276.59033717003,46912.108430879984
2020-01-16 09:15:00,217340.72862121998,170428.62019034,46912.108430879984
2020-01-17 09:15:00,217353.31185573997,170441.20342486,46912.108430879984
2020-01-20 09:15:00,216426.77281074997,168694.2921806,47732.480630149985
2020-01-21 09:15:00,215460.66858907,167728.18795892003,47732.480630149985
2020-01-22 09:15:00,216063.87777616002,168331.39714601004,47732.480630149985
2020-01-23 09:15:00,218047.04802334998,166906.95707188,51140.09095146998
2020-01-24 09:15:00,219147.28451751996,168007.19356604997,51140.09095146998
2020-01-27 09:15:00,218833.62785283997,167693.53690136998,51140.09095146998
2020-01-28 09:15:00,217345.8552080801,166260.8060186701,51085.04918940998
2020-01-29 09:15:00,217245.56850567996,166160.51931626996,51085.04918940998
2020-01-30 09:15:00,215068.09093573003,163983.04174632003,51085.04918940998
2020-01-31 09:15:00,214010.27358928998,164859.51290688998,49150.76068239998
2020-02-01 09:15:00,208374.70691443997,207325.94623204,1048.7606823999813
2020-02-03 09:15:00,208039.42441970995,206990.66373730998,1048.7606823999813
2020-02-04 09:15:00,210027.43440643002,157952.04641273004,52075.38799369998
2020-02-05 09:15:00,211698.77159614,159623.38360244,52075.38799369998
2020-02-06 09:15:00,212966.94979031,160891.56179661,52075.38799369998
2020-02-07 09:15:00,213416.19071760998,159103.40946212,54312.78125548998
2020-02-10 09:15:00,211867.30262099998,157554.52136551,54312.78125548998
2020-02-11 09:15:00,211044.9832848,156732.20202931002,54312.78125548998
2020-02-12 09:15:00,210250.32211193995,154350.91800466998,55899.40410726998
2020-02-13 09:15:00,209347.88141253998,153448.47730527,55899.40410726998
2020-02-14 09:15:00,207449.4381348,151550.03402753003,55899.40410726998
2020-02-17 09:15:00,204975.94550137,151073.8337797,53902.11172166998
2020-02-18 09:15:00,204120.5996049,150218.48788323,53902.11172166998
2020-02-19 09:15:00,206545.1853063999,152643.07358472992,53902.11172166998
2020-02-20 09:15:00,206011.08138363995,204724.46966196998,1286.6117216699786
2020-02-24 09:15:00,201183.34429543,199896.73257376003,1286.6117216699786
2020-02-25 09:15:00,199614.54999806994,198327.93827639997,1286.6117216699786
2020-02-26 09:15:00,197369.26225004997,145129.73079555,52239.53145449998
2020-02-27 09:15:00,195748.27168759995,143508.74023309996,52239.53145449998
2020-02-28 09:15:00,189631.31665147,137391.78519697,52239.53145449998
2020-03-02 09:15:00,189458.30421303003,138632.60246966005,50825.70174336998
2020-03-03 09:15:00,191948.26570366,141122.56396029002,50825.70174336998
2020-03-04 09:15:00,190829.22486411003,140003.52312074005,50825.70174336998
2020-03-05 09:15:00,191093.43768426002,141217.19337127003,49876.24431298998
2020-03-06 09:15:00,188035.78988484998,138159.54557186,49876.24431298998
2020-03-09 09:15:00,181570.00874009,131693.76442710005,49876.24431298998
2020-03-11 09:15:00,181043.1950986,133222.66795205002,47820.527146549975
2020-03-12 09:15:00,168949.52212954997,121128.994983,47820.527146549975
2020-03-13 09:15:00,176630.45542864,175685.92828209003,944.5271465499754
2020-03-16 09:15:00,168870.52601767995,125259.98251375997,43610.54350391997
2020-03-17 09:15:00,166300.68189988995,122690.13839596999,43610.54350391997
2020-03-18 09:15:00,159913.36873106996,116302.82522714998,43610.54350391997
2020-03-19 09:15:00,154743.61575634993,116329.97569791996,38413.64005842997
2020-03-20 09:15:00,159521.01480273996,121107.37474430997,38413.64005842997
2020-03-23 09:15:00,145323.63269480996,106909.99263637999,38413.64005842997
2020-03-24 09:15:00,144533.38798550997,107348.26737837,37185.12060713997
2020-03-25 09:15:00,148018.57028491996,110833.44967778,37185.12060713997
2020-03-26 09:15:00,152052.44125118,114867.32064404002,37185.12060713997
2020-03-27 09:15:00,152470.04861472995,113231.44396327,39238.60465145997
2020-03-30 09:15:00,150792.29227975,111553.68762829002,39238.60465145997
2020-03-31 09:15:00,155222.12839497998,115983.52374352001,39238.60465145997
2020-04-01 09:15:00,154158.62543501996,114949.50486972,39209.12056529997
2020-04-03 09:15:00,151712.06142494996,150864.94085965,847.1205652999706
2020-04-07 09:15:00,161530.18423892994,160683.06367362998,847.1205652999706
2020-04-08 09:15:00,162473.23718368,122283.36255538002,40189.87462829997
2020-04-09 09:15:00,167061.08080331,126871.20617501004,40189.87462829997
2020-04-13 09:15:00,167488.99362725,127299.11899895003,40189.87462829997
2020-04-15 09:15:00,170516.41868048997,127840.68862377999,42675.730056709974
2020-04-16 09:15:00,172182.61701247,129506.88695576003,42675.730056709974
2020-04-17 09:15:00,174442.92771402,131767.19765731003,42675.730056709974
2020-04-20 09:15:00,174915.90991,129681.61187781002,45234.298032189974
2020-04-21 09:15:00,171357.17608319997,126122.87805101,45234.298032189974
2020-04-22 09:15:00,172363.42713235997,127129.12910016999,45234.298032189974
2020-04-23 09:15:00,174244.54382897998,129969.9573634,44274.586465579974
2020-04-24 09:15:00,171521.39231206,127246.80584648001,44274.586465579974
2020-04-27 09:15:00,172312.76030883993,128038.17384325997,44274.586465579974
2020-04-28 09:15:00,172498.36803438998,172241.23156881,257.1364655799698
2020-04-29 09:15:00,175289.49518518997,175032.35871961,257.1364655799698
2020-04-30 09:15:00,180149.84336751996,179892.70690194,257.1364655799698
2020-05-04 09:15:00,173836.90120164998,127929.06580744001,45907.835394209964
2020-05-05 09:15:00,173096.60055699994,127188.76516278998,45907.835394209964
2020-05-06 09:15:00,173459.02139616996,127551.18600196,45907.835394209964
2020-05-07 09:15:00,172921.67201888002,127756.38073587004,45165.29128300997
2020-05-08 09:15:00,172476.58788977,127311.29660676,45165.29128300997
2020-05-11 09:15:00,172441.19663559995,127275.90535259,45165.29128300997
2020-05-12 09:15:00,171569.63395486993,128570.73247543997,42998.901479429966
2020-05-13 09:15:00,174781.67937746996,131782.77789804,42998.901479429966
2020-05-14 09:15:00,173507.96285198,130509.06137255003,42998.901479429966
2020-05-15 09:15:00,173480.43356722998,130628.78534518,42851.64822204997
2020-05-18 09:15:00,168997.82648417994,126146.17826212998,42851.64822204997
2020-05-19 09:15:00,170060.69693421997,169905.44876217,155.2481720499636
2020-05-20 09:15:00,171482.16851048,128300.24138319003,43181.927127289964
2020-05-21 09:15:00,172658.49709833,129476.56997104002,43181.927127289964
2020-05-22 09:15:00,171913.55648514995,128731.62935786,43181.927127289964
2020-05-26 09:15:00,172392.56512495,128651.43158291002,43741.13354203996
2020-05-27 09:15:00,173698.64448620996,129957.51094417,43741.13354203996
2020-05-28 09:15:00,176608.3949558699,132867.26141382995,43741.13354203996
2020-05-29 09:15:00,178846.57663114,134314.81379309003,44531.76283804997
2020-06-01 09:15:00,182622.00416159,138090.24132354005,44531.76283804997
2020-06-02 09:15:00,184943.62809319003,140411.86525514006,44531.76283804997
2020-06-03 09:15:00,186752.58876289998,137611.14370062,49141.44506227996
2020-06-04 09:15:00,186577.33644277995,137435.8913805,49141.44506227996
2020-06-05 09:15:00,190560.84643335995,141419.40137108,49141.44506227996
2020-06-08 09:15:00,192688.70338022994,140926.64636721998,51762.057013009966
2020-06-09 09:15:00,193081.00828493995,192572.70132192998,508.3069630099635
2020-06-10 09:15:00,194315.30563126996,193806.99866826,508.3069630099635
2020-06-11 09:15:00,192158.47490941995,142014.50155492997,50143.973354489965
2020-06-12 09:15:00,192222.5124655199,142078.53911102994,50143.973354489965
2020-06-15 09:15:00,191851.0002705499,141707.02691605996,50143.973354489965
2020-06-16 09:15:00,192019.57232664997,142499.50751638002,49520.06481026996
2020-06-17 09:15:00,192546.4877953499,143026.42298507993,49520.06481026996
2020-06-18 09:15:00,195444.91470197,145924.84989170003,49520.06481026996
2020-06-19 09:15:00,196832.81582376995,148846.73804797,47986.07777579996
2020-06-22 09:15:00,199947.13639988998,151961.05862409002,47986.07777579996
2020-06-23 09:15:00,202981.9688021599,154995.89102635995,47986.07777579996
2020-06-24 09:15:00,200864.46049449,152652.63024838004,48211.83024610996
2020-06-25 09:15:00,201641.37563351993,153429.54538740998,48211.83024610996
2020-06-26 09:15:00,202745.92637779997,154534.09613169002,48211.83024610996
2020-06-29 09:15:00,200575.62212686992,199777.54188075996,798.0802461099593
2020-06-30 09:15:00,200621.52675825,199823.44651214004,798.0802461099593
2020-07-01 09:15:00,200849.25267021,200051.17242410005,798.0802461099593
2020-07-02 09:15:00,202029.45258292,152102.24256441003,49927.21001850996
2020-07-03 09:15:00,202675.86937940997,152748.6593609,49927.21001850996
2020-07-06 09:15:00,205492.43991007996,155565.22989157,49927.21001850996
2020-07-07 09:15:00,205800.52821817994,154326.39129615,51474.13692202996
2020-07-08 09:15:00,205127.60068556998,153653.46376354003,51474.13692202996
2020-07-09 09:15:00,205885.69695815997,154411.56003613002,51474.13692202996
2020-07-10 09:15:00,205514.19558886994,154213.8988377,51300.29675116996
2020-07-13 09:15:00,205455.29575327,154154.99900210006,51300.29675116996
2020-07-14 09:15:00,203149.83793604997,151849.54118488,51300.29675116996
2020-07-15 09:15:00,202577.90164380995,149511.90367221998,53065.99797158996
2020-07-16 09:15:00,202825.40555231,149759.40758072003,53065.99797158996
2020-07-17 09:15:00,207040.42047254997,206200.82250096003,839.5979715899593
2020-07-20 09:15:00,209385.9273104099,157477.73604165995,51908.19126874996
2020-07-21 09:15:00,209912.05754270992,158003.86627395995,51908.19126874996
2020-07-22 09:15:00,209605.87964496,157697.68837621002,51908.19126874996
2020-07-23 09:15:00,210883.2869674499,158444.36552991995,52438.921437529956
2020-07-24 09:15:00,209997.92899085997,157559.00755333,52438.921437529956
2020-07-27 09:15:00,208401.24717792997,155962.3257404,52438.921437529956
2020-07-28 09:15:00,209441.99173033994,158109.32584022,51332.665890119955
2020-07-29 09:15:00,209931.1955364999,158598.52964637996,51332.665890119955
2020-07-30 09:15:00,209519.35514470993,158186.68925459,51332.665890119955
2020-07-31 09:15:00,210206.54994400995,159475.68647543,50730.863468579955
2020-08-03 09:15:00,211463.25184094996,160732.38837237,50730.863468579955
2020-08-04 09:15:00,213701.23915601996,162970.37568744,50730.863468579955
2020-08-05 09:15:00,214482.99723302998,161395.94783029004,53087.049402739955
2020-08-06 09:15:00,216705.98302418995,215520.23356145,1185.7494627399574
2020-08-07 09:15:00,217615.72430282994,216429.97484008997,1185.7494627399574
2020-08-10 09:15:00,220432.87305794994,167456.56742245998,52976.30563548996
2020-08-11 09:15:00,221525.3910847199,168549.08544922993,52976.30563548996
2020-08-12 09:15:00,222181.77376383,169205.46812834003,52976.30563548996
2020-08-13 09:15:00,224236.71298767993,170531.67227091998,53705.04071675996
2020-08-14 09:15:00,222659.0611090699,168954.02039230996,53705.04071675996
2020-08-17 09:15:00,224519.71275490994,170814.67203815,53705.04071675996
2020-08-18 09:15:00,226551.93723667998,172471.18707607003,54080.75016060996
2020-08-19 09:15:00,228428.99978630999,174348.24962570003,54080.75016060996
2020-08-20 09:15:00,229753.35050907,175672.60034846005,54080.75016060996
2020-08-21 09:15:00,232095.90322687995,181450.57128633,50645.331940549964
2020-08-24 09:15:00,234112.48591837997,183467.15397783,50645.331940549964
2020-08-25 09:15:00,234357.95313617995,183712.62119563,50645.331940549964
2020-08-26 09:15:00,235789.81451459992,234803.28251404993,986.532000549967
2020-08-27 09:15:00,236756.08776753995,235769.55576699,986.532000549967
2020-08-28 09:15:00,236345.81163868,235359.27963813004,986.532000549967
2020-08-31 09:15:00,229031.71193909005,174344.30509923009,54687.40683985997
2020-09-01 09:15:00,229538.83298595002,174851.42614609006,54687.40683985997
2020-09-02 09:15:00,232032.13210328997,177344.72526343,54687.40683985997
2020-09-03 09:15:00,232901.70520331996,178593.72921015,54307.975993169974
2020-09-04 09:15:00,230566.59558713995,176258.61959396998,54307.975993169974
2020-09-07 09:15:00,229798.90363419,175490.92764102004,54307.975993169974
2020-09-08 09:15:00,227709.74615506994,176576.51115858997,51133.23499647997
2020-09-09 09:15:00,225955.54080711,174822.30581063003,51133.23499647997
2020-09-10 09:15:00,227925.09708963,176791.86209315003,51133.23499647997
2020-09-11 09:15:00,228733.293934,177180.50581255002,51552.78812144997
2020-09-14 09:15:00,233086.65905443,181533.87093298003,51552.78812144997
2020-09-15 09:15:00,233620.22887137,232883.14080992003,737.0880614499692
2020-09-16 09:15:00,234117.66090826993,181964.85683091998,52152.80407734997
2020-09-17 09:15:00,233235.46644836996,181082.66237101998,52152.80407734997
2020-09-18 09:15:00,233062.19288910006,180909.38881175008,52152.80407734997
2020-09-21 09:15:00,226932.71275825996,176929.66692908,50003.045829179966
2020-09-22 09:15:00,224903.43468146,174900.38885228004,50003.045829179966
2020-09-23 09:15:00,225464.65137639994,175461.60554721998,50003.045829179966
2020-09-24 09:15:00,221231.7754661699,172872.39853490994,48359.37693125997
2020-09-25 09:15:00,225877.06154083,177517.68460957005,48359.37693125997
2020-09-28 09:15:00,229823.0353276099,181463.65839634993,48359.37693125997
2020-09-29 09:15:00,229400.19054610998,176675.00242911,52725.18811699997
2020-09-30 09:15:00,229648.83470431,176923.64658731,52725.18811699997
2020-10-01 09:15:00,230801.02096785,178075.83285085,52725.18811699997
2020-10-05 09:15:00,231649.02413103994,179874.71865007997,51774.30548095997
2020-10-06 09:15:00,230969.68847181997,229852.78293086,1116.9055409599678
2020-10-07 09:15:00,231139.66041417996,230022.75487322,1116.9055409599678
2020-10-08 09:15:00,230913.8580540599,175480.40424791994,55433.453806139965
2020-10-09 09:15:00,230496.54447766,175063.09067152004,55433.453806139965
2020-10-12 09:15:00,228475.42641977998,173041.97261364,55433.453806139965
2020-10-13 09:15:00,227930.44837107006,174894.5159072301,53035.93246383996
2020-10-14 09:15:00,228344.28749000997,175308.35502617,53035.93246383996
2020-10-15 09:15:00,225825.10893442,172789.17647058002,53035.93246383996
2020-10-16 09:15:00,227986.26077197996,175450.53240373,52535.72836824996
2020-10-19 09:15:00,230513.01788404997,177977.28951580002,52535.72836824996
2020-10-20 09:15:00,230864.5427911,178328.81442285003,52535.72836824996
2020-10-21 09:15:00,231561.6604988,177485.94742879004,54075.71307000996
2020-10-22 09:15:00,232641.11378696995,178565.40071696,54075.71307000996
2020-10-23 09:15:00,233256.00272729993,179180.28965728998,54075.71307000996
2020-10-26 09:15:00,230419.78675270997,230221.82373270002,197.96302000995638
2020-10-27 09:15:00,230367.65609023,230169.69307022006,197.96302000995638
2020-10-28 09:15:00,228571.07187447994,228373.10885447,197.96302000995638
2020-10-29 09:15:00,227813.98652485004,178248.2897838401,49565.69674100995
2020-10-30 09:15:00,228157.94802693994,178592.25128593,49565.69674100995
2020-11-02 09:15:00,227691.05605135995,178125.35931035,49565.69674100995
2020-11-03 09:15:00,228697.99086663994,181925.32182705,46772.66903958995
2020-11-04 09:15:00,228630.01537158986,181857.34633199993,46772.66903958995
2020-11-05 09:15:00,231901.54141093994,185128.87237135,46772.66903958995
2020-11-06 09:15:00,233227.12677465996,184994.92963204,48232.19714261995
2020-11-09 09:15:00,234647.18095503,186414.98381241004,48232.19714261995
2020-11-10 09:15:00,234284.15496380997,186051.95782119,48232.19714261995
2020-11-11 09:15:00,235595.85156021995,181154.4045096,54441.44705061995
2020-11-12 09:15:00,236935.59320204004,182494.14615142008,54441.44705061995
2020-11-13 09:15:00,239718.27900025996,238733.63190964,984.6470906199465
2020-11-14 18:00:00,241593.74985630997,185531.2190031,56062.530853209944
2020-11-17 09:15:00,243540.42402046995,187477.89316726002,56062.530853209944
2020-11-18 09:15:00,245089.50804648997,189026.97719328,56062.530853209944
2020-11-19 09:15:00,244586.82477054998,188436.87331130003,56149.95145924995
2020-11-20 09:15:00,246006.91290128996,189856.96144204002,56149.95145924995
2020-11-23 09:15:00,249191.5645110499,193041.61305179994,56149.95145924995
2020-11-24 09:15:00,251421.21068413995,199755.40116954,51665.80951459995
2020-11-25 09:15:00,249980.69619328994,198314.88667869,51665.80951459995
2020-11-26 09:15:00,252359.39214075997,200693.58262616003,51665.80951459995
2020-11-27 09:15:00,255910.66205935998,204716.22585936004,51194.436199999946
2020-12-01 09:15:00,258901.1462971299,207706.71009712995,51194.436199999946
2020-12-02 09:15:00,260815.70907210998,209621.27287211004,51194.436199999946
2020-12-03 09:15:00,262367.9459284499,211857.77711837,50510.168810079944
2020-12-04 09:15:00,261643.88984323997,260515.22098316002,1128.6688600799462
2020-12-07 09:15:00,263460.21018152,262331.54132144,1128.6688600799462
2020-12-08 09:15:00,263356.2658888699,211435.03846484993,51921.22742401995
2020-12-09 09:15:00,265848.0109869599,213926.78356294,51921.22742401995
2020-12-10 09:15:00,264835.96161758003,212914.73419356006,51921.22742401995
2020-12-11 09:15:00,266124.02556329995,214083.18228524,52040.84327805995
2020-12-14 09:15:00,268491.3769005899,216450.53362252997,52040.84327805995
2020-12-15 09:15:00,268531.03771068,216490.19443262002,52040.84327805995
2020-12-16 09:15:00,271135.97676520003,218467.26150159005,52668.71526360995
2020-12-17 09:15:00,271165.39266213984,218496.67739852992,52668.71526360995
2020-12-18 09:15:00,270704.70673256,218035.99146895006,52668.71526360995
2020-12-21 09:15:00,259340.53104098994,206357.05222689,52983.47881409995
2020-12-22 09:15:00,260762.18350164988,207778.70468754994,52983.47881409995
2020-12-23 09:15:00,266023.71948215994,213040.24066805997,52983.47881409995
2020-12-24 09:15:00,268952.08061070996,268810.35179661,141.7288140999517
2020-12-28 09:15:00,273684.47764805,273542.74883395,141.7288140999517
2020-12-29 09:15:00,275591.2586505299,275449.5298364299,141.7288140999517
2020-12-30 09:15:00,276044.29036739003,219660.23365604007,56384.05671134995
2020-12-31 09:15:00,276163.0554042699,219778.99869291997,56384.05671134995
2021-01-01 09:15:00,278254.09878081986,221870.04206946993,56384.05671134995
2021-01-04 09:15:00,282766.8724904599,223745.6716647499,59021.20082570995
2021-01-05 09:15:00,284739.35957473,225718.15874902002,59021.20082570995
2021-01-06 09:15:00,284572.50424358994,225551.30341788,59021.20082570995
2021-01-07 09:15:00,287273.6309556799,222520.16850432995,64753.46245134995
2021-01-08 09:15:00,290545.04348662996,225791.58103528002,64753.46245134995
2021-01-11 09:15:00,291521.20524935995,226767.74279801,64753.46245134995
2021-01-12 09:15:00,291826.26814651,227651.34488857002,64174.923257939954
2021-01-13 09:15:00,290761.10909657995,226586.18583863997,64174.923257939954
2021-01-14 09:15:00,291555.0025160299,291522.12930808996,32.87320793994877
2021-01-15 09:15:00,288136.99988079985,225006.1966908099,63130.80318998995
2021-01-18 09:15:00,283756.79701941996,220625.99382943,63130.80318998995
2021-01-19 09:15:00,287998.2596109899,224867.45642099995,63130.80318998995
2021-01-20 09:15:00,288610.46123377,222328.66449698003,66281.79673678995
2021-01-21 09:15:00,287254.45915132994,220972.66241454,66281.79673678995
2021-01-22 09:15:00,284796.6962812399,218514.89954444996,66281.79673678995
2021-01-25 09:15:00,281991.42477088986,218828.54493842993,63162.879832459956
2021-01-27 09:15:00,280929.7065789099,217766.82674644992,63162.879832459956
2021-01-28 09:15:00,281122.8110121399,217959.93117967996,63162.879832459956
2021-01-29 09:15:00,279756.54039637,224368.02438485002,55388.516011519954
2021-02-01 09:15:00,284721.35046592,229332.83445440003,55388.516011519954
2021-02-02 09:15:00,287874.0261727399,232485.51016121995,55388.516011519954
2021-02-03 09:15:00,290019.05572815996,228919.28709799002,61099.76863016996
2021-02-04 09:15:00,293568.99924073,292301.03065056005,1267.9685901699559
2021-02-05 09:15:00,292390.71152238,291122.74293221004,1267.9685901699559
2021-02-08 09:15:00,296391.32839855994,235990.80873019996,60400.51966835996
2021-02-09 09:15:00,294943.73496838,234543.21530002006,60400.51966835996
2021-02-10 09:15:00,295748.71699851,235348.19733015003,60400.51966835996
2021-02-11 09:15:00,296670.46253297996,234908.86124062003,61761.601292359956
2021-02-12 09:15:00,296438.58420124,234676.98290888005,61761.601292359956
2021-02-15 09:15:00,296915.33495340997,235153.73366105004,61761.601292359956
2021-02-16 09:15:00,297629.64582286996,235141.39865136,62488.24717150995
2021-02-17 09:15:00,299295.6750612799,236807.42788976993,62488.24717150995
2021-02-18 09:15:00,302773.6110940199,240285.36392250995,62488.24717150995
2021-02-19 09:15:00,301098.39612975996,243358.18584353002,57740.21028622995
2021-02-22 09:15:00,298484.80059071,240744.59030448005,57740.21028622995
2021-02-23 09:15:00,301694.1781589899,243953.96787275994,57740.21028622995
2021-02-24 09:15:00,303573.10950624995,302184.49930002,1388.610206229947
2021-02-25 09:15:00,309760.90844216,308372.29823593004,1388.610206229947
2021-02-26 09:15:00,305214.9842925,303826.37408627005,1388.610206229947
2021-03-01 09:15:00,310815.2580470699,252250.08066798997,58565.17737907995
2021-03-02 09:15:00,313791.98280764,255226.80542856004,58565.17737907995
2021-03-03 09:15:00,317507.5904531799,258942.41307409998,58565.17737907995
2021-03-04 09:15:00,319661.63511897984,262250.9161954799,57410.718923499946
2021-03-05 09:15:00,316329.9604455199,258919.24152201996,57410.718923499946
2021-03-08 09:15:00,317569.70933161984,260158.9904081199,57410.718923499946
2021-03-09 09:15:00,315139.16614637,254435.45124842005,60703.71489794995
2021-03-10 09:15:00,317811.96945174993,257108.2545538,60703.71489794995
2021-03-12 09:15:00,316669.6317962599,255965.91689830998,60703.71489794995
2021-03-15 09:15:00,315209.0749260599,258718.31779131,56490.75713474995
2021-03-16 09:15:00,316488.37834004,259997.62120529002,56490.75713474995
2021-03-17 09:15:00,309519.68955476995,308539.23247002,980.4570847499417
2021-03-18 09:15:00,305674.71797582996,249494.66334864002,56180.05462718994
2021-03-19 09:15:00,306829.2480748199,250649.19344762995,56180.05462718994
2021-03-22 09:15:00,308828.44208415993,252648.38745697003,56180.05462718994
2021-03-23 09:15:00,310279.4956908099,257798.28152543996,52481.21416536994
2021-03-24 09:15:00,305811.56567132,253330.35150595006,52481.21416536994
2021-03-25 09:15:00,301106.93504266994,248625.72087730002,52481.21416536994
2021-03-26 09:15:00,304580.1814681199,256767.56764556,47812.613822559935
2021-03-30 09:15:00,307339.8594678799,259527.24564531998,47812.613822559935
2021-03-31 09:15:00,307949.1877160599,260136.5738935,47812.613822559935
2021-04-01 09:15:00,313551.2266277599,264821.58811447,48729.63851328994
2021-04-05 09:15:00,309325.4125476999,260595.77403440993,48729.63851328994
2021-04-06 09:15:00,311576.80991410994,262847.17140082,48729.63851328994
2021-04-07 09:15:00,315687.9094129599,268641.13618624996,47046.773226709935
2021-04-08 09:15:00,317897.20033317996,317231.92710647004,665.2732267099345
2021-04-09 09:15:00,317929.4892916199,317264.21606491,665.2732267099345
2021-04-12 09:15:00,304353.79305726005,253593.6040702901,50760.18898696993
2021-04-13 09:15:00,308686.87704316986,257926.68805619993,50760.18898696993
2021-04-15 09:15:00,308733.38768984994,257973.19870288004,50760.18898696993
2021-04-16 09:15:00,311140.24473994994,264249.56192262,46890.68281732993
2021-04-19 09:15:00,305805.00922623987,258914.32640890995,46890.68281732993
2021-04-20 09:15:00,305785.67175688985,258894.9889395599,46890.68281732993
2021-04-22 09:15:00,306522.2690835699,260585.65507811998,45936.61400544993
2021-04-23 09:15:00,307372.5767722499,261435.96276679996,45936.61400544993
2021-04-26 09:15:00,308716.17569409986,262779.56168864993,45936.61400544993
2021-04-27 09:15:00,313551.55757475,267814.41543687007,45737.14213787993
2021-04-28 09:15:00,316690.3520177298,270953.20987984986,45737.14213787993
2021-04-29 09:15:00,316645.09732232994,270907.95518445,45737.14213787993
2021-04-30 09:15:00,317457.4909893999,316732.24895151996,725.2420378799361
2021-05-03 09:15:00,322027.9914368599,321302.74939897994,725.2420378799361
2021-05-04 09:15:00,320746.81366443,320021.57162655005,725.2420378799361
2021-05-05 09:15:00,324943.53967405995,275264.12769157003,49679.41198248994
2021-05-06 09:15:00,327214.09971602994,277534.68773354,49679.41198248994
2021-05-07 09:15:00,329678.2536775499,279998.84169505996,49679.41198248994
2021-05-10 09:15:00,333855.08656768996,276689.47586707,57165.61070061994
2021-05-11 09:15:00,337093.69275423995,279928.08205362,57165.61070061994
2021-05-12 09:15:00,336002.89651391987,278837.28581329994,57165.61070061994
2021-05-14 09:15:00,332369.06466825004,273402.7105679401,58966.35410030994
2021-05-17 09:15:00,336914.17146572005,277947.8173654101,58966.35410030994
2021-05-18 09:15:00,340127.40209467994,281161.04799437,58966.35410030994
2021-05-19 09:15:00,340934.44815131,286787.52515285,54146.92299845994
2021-05-20 09:15:00,340613.33653421997,286466.41353576,54146.92299845994
2021-05-21 09:15:00,341509.34188368,341230.9189352201,278.42294845993456
2021-05-24 09:15:00,344475.48958106997,286687.24538804,57788.24419302994
2021-05-25 09:15:00,346587.27016730997,288799.02597428,57788.24419302994
2021-05-26 09:15:00,348828.20101739996,291039.95682437,57788.24419302994
2021-05-27 09:15:00,349448.30314799986,294548.13673439994,54900.16641359994
2021-05-28 09:15:00,348309.86605086,293409.69963726006,54900.16641359994
2021-05-31 09:15:00,349449.5013340598,294549.3349204599,54900.16641359994
2021-06-01 09:15:00,348351.2883898198,288231.92135647987,60119.367033339935
2021-06-02 09:15:00,351341.23729867995,291221.87026534,60119.367033339935
2021-06-03 09:15:00,354991.28107739997,294871.91404406005,60119.367033339935
2021-06-04 09:15:00,356524.6142815898,295408.5267148199,61116.08756676994
2021-06-07 09:15:00,359899.1550425499,298783.06747578,61116.08756676994
2021-06-08 09:15:00,361769.16524569987,300653.07767892996,61116.08756676994
2021-06-09 09:15:00,359516.86553630984,297695.1173407699,61821.748195539934
2021-06-10 09:15:00,366502.6782662099,366315.68002066994,186.99824553993676
2021-06-11 09:15:00,368852.81270109,368665.81445555005,186.99824553993676
2021-06-14 09:15:00,368794.1049056399,309195.30446772,59598.800437919934
2021-06-15 09:15:00,371214.1029017199,311615.3024638,59598.800437919934
2021-06-16 09:15:00,370690.22056537005,311091.42012745014,59598.800437919934
2021-06-17 09:15:00,367774.09760076005,308478.5205649701,59295.57703578993
2021-06-18 09:15:00,364863.75921869,305568.1821829,59295.57703578993
2021-06-21 09:15:00,367165.5471954299,307869.97015963995,59295.57703578993
2021-06-22 09:15:00,370244.20623684995,311056.47627637,59187.729960479934
2021-06-23 09:15:00,370106.3239930698,310918.59403258987,59187.729960479934
2021-06-24 09:15:00,369203.8223274101,310016.09236693016,59187.729960479934
2021-06-25 09:15:00,370687.92187872,309663.94179312006,61023.980085599935
2021-06-28 09:15:00,371791.6624825899,310767.68239698996,61023.980085599935
2021-06-29 09:15:00,371531.8550113099,310507.87492570997,61023.980085599935
2021-06-30 09:15:00,371985.8804938999,370970.4004583,1015.4800355999323
2021-07-01 09:15:00,373410.01287044,372394.53283484007,1015.4800355999323
2021-07-02 09:15:00,374146.25427347,373130.77423787006,1015.4800355999323
2021-07-05 09:15:00,378027.52195923,311329.22553413006,66698.29642509994
2021-07-06 09:15:00,377339.77848219,310641.48205709003,66698.29642509994
2021-07-07 09:15:00,379345.3301913199,312647.03376622,66698.29642509994
2021-07-08 09:15:00,377955.05232030986,309543.7065757999,68411.34574450993
2021-07-09 09:15:00,379010.3712696299,310599.02552511997,68411.34574450993
2021-07-12 09:15:00,380604.42146077007,312193.0757162601,68411.34574450993
2021-07-13 09:15:00,380981.25492722983,312901.4171278099,68079.83779941994
2021-07-14 09:15:00,382131.50209896994,314051.66429955,68079.83779941994
2021-07-15 09:15:00,383135.84909731,315056.01129789004,68079.83779941994
2021-07-16 09:15:00,385270.66050254006,314583.70073998015,70686.95976255994
2021-07-19 09:15:00,383182.11469778,312495.15493522,70686.95976255994
2021-07-20 09:15:00,377577.61002092995,376755.40015837003,822.2098625599465
2021-07-22 09:15:00,381793.51170608995,317770.84896251,64022.662743579946
2021-07-23 09:15:00,381232.0594340298,317209.39669044985,64022.662743579946
2021-07-26 09:15:00,381578.14623488,317555.4834913001,64022.662743579946
2021-07-27 09:15:00,380085.3142738499,313408.30514619994,66677.00912764994
2021-07-28 09:15:00,378127.3880698201,311450.3789421702,66677.00912764994
2021-07-29 09:15:00,380507.98222636007,313830.9730987101,66677.00912764994
2021-07-30 09:15:00,382811.66144719993,316428.95230055,66382.70914664994
2021-08-02 09:15:00,385250.5175693298,318867.8084226799,66382.70914664994
2021-08-03 09:15:00,386183.76975854003,319801.0606118901,66382.70914664994
2021-08-04 09:15:00,383190.2625708699,319894.6867771099,63295.57579375994
2021-08-05 09:15:00,381617.0817460399,318321.50595227996,63295.57579375994
2021-08-06 09:15:00,381470.68443985,318175.10864609,63295.57579375994
2021-08-09 09:15:00,378368.15670357994,315715.9959443,62652.16075927994
2021-08-10 09:15:00,372173.9253108499,371017.26465156995,1156.6606592799435
2021-08-11 09:15:00,370594.7625325899,369438.10187330993,1156.6606592799435
2021-08-12 09:15:00,376445.5568172799,312012.04613836994,64433.510678909945
2021-08-13 09:15:00,375936.3294764,311502.81879749004,64433.510678909945
2021-08-16 09:15:00,375156.90525073995,310723.39457183,64433.510678909945
2021-08-17 09:15:00,373520.99620942003,314076.31076515006,59444.68544426995
2021-08-18 09:15:00,373290.0418030601,313845.35635879013,59444.68544426995
2021-08-20 09:15:00,366828.58017601003,307383.89473174006,59444.68544426995
2021-08-23 09:15:00,361471.1080648999,305150.94928363996,56320.15878125995
2021-08-24 09:15:00,365762.42646509997,309442.26768384,56320.15878125995
2021-08-25 09:15:00,368769.6276650601,312449.46888380015,56320.15878125995
2021-08-26 09:15:00,368779.6576599,306178.93675766006,62600.72090223995
2021-08-27 09:15:00,371346.9372151999,308746.21631295996,62600.72090223995
2021-08-30 09:15:00,376149.97637320997,313549.25547097,62600.72090223995
2021-08-31 09:15:00,378344.9362426198,377159.21534037986,1185.7209022399475
2021-09-01 09:15:00,380204.19522528007,379018.4743230401,1185.7209022399475
2021-09-02 09:15:00,384434.0251226599,383248.30422041996,1185.7209022399475
2021-09-03 09:15:00,385158.7535006901,318742.0837572201,66416.66974346995
2021-09-06 09:15:00,385513.9133469,319097.24360343005,66416.66974346995
2021-09-07 09:15:00,384037.0763061701,317620.4065627001,66416.66974346995
2021-09-08 09:15:00,385150.3822861398,320253.11537020985,64897.26691592995
2021-09-09 09:15:00,386296.86553464,321399.59861871,64897.26691592995
2021-09-13 09:15:00,389016.8366935199,324119.56977758993,64897.26691592995
2021-09-14 09:15:00,391241.29879096994,330004.04434967,61237.25444129995
2021-09-15 09:15:00,394102.97318563977,332865.7187443398,61237.25444129995
2021-09-16 09:15:00,395190.52393366,333953.26949236006,61237.25444129995
2021-09-17 09:15:00,392606.18849742983,325147.2401843599,67458.94831306995
2021-09-20 09:15:00,386454.71218085993,318995.76386779,67458.94831306995
2021-09-21 09:15:00,388950.88781267,387768.1893996,1182.6984130699566
2021-09-22 09:15:00,393256.403446,331371.8826845001,61884.52076149995
2021-09-23 09:15:00,396547.58895373985,334663.0681922399,61884.52076149995
2021-09-24 09:15:00,395065.2996649499,333180.77890344994,61884.52076149995
2021-09-27 09:15:00,395287.99663152004,327851.7798363201,67436.21679519996
2021-09-28 09:15:00,394039.35285742994,326603.13606223,67436.21679519996
2021-09-29 09:15:00,396769.22532497003,329333.0085297701,67436.21679519996
2021-09-30 09:15:00,397799.71775179997,331320.88730237,66478.83044942995
2021-10-01 09:15:00,398151.16972850997,331672.33927908,66478.83044942995
2021-10-04 09:15:00,403143.62505099,336664.79460156005,66478.83044942995
2021-10-05 09:15:00,405166.88726178004,334712.2919066301,70454.59535514996
2021-10-06 09:15:00,402826.1773785098,332371.58202335984,70454.59535514996
2021-10-07 09:15:00,406113.34291496983,335658.7475598199,70454.59535514996
2021-10-08 09:15:00,405876.29117812996,336614.44252458,69261.84865354995
2021-10-11 09:15:00,408344.6593725099,407614.41071896,730.2486535499629
2021-10-12 09:15:00,409993.8201871299,409263.57153357996,730.2486535499629
2021-10-13 09:15:00,412335.91418647993,341243.13121125,71092.78297522996
2021-10-14 09:15:00,413420.71393834,342327.93096311006,71092.78297522996
2021-10-18 09:15:00,417016.03623916,345923.25326393003,71092.78297522996
2021-10-19 09:15:00,411472.97863916005,340332.5758622801,71140.40277687996
2021-10-20 09:15:00,406166.4016799,335025.99890302005,71140.40277687996
2021-10-21 09:15:00,404684.5336831899,333544.13090630993,71140.40277687996
2021-10-22 09:15:00,401576.8641879,333225.13262459,68351.73156330995
2021-10-25 09:15:00,397531.0460938,329179.31453049,68351.73156330995
2021-10-26 09:15:00,402151.0544357,333799.32287239004,68351.73156330995
2021-10-27 09:15:00,404044.85771731986,337873.5624947099,66171.29522260994
2021-10-28 09:15:00,397767.71392749995,331596.41870489,66171.29522260994
2021-10-29 09:15:00,397804.01031026995,331632.71508766,66171.29522260994
2021-11-01 09:15:00,403539.17580106,402631.08053845004,908.0952626099461
2021-11-02 09:15:00,405050.1664086201,404142.07114601013,908.0952626099461
2021-11-03 09:15:00,405993.8749334,405085.77967079007,908.0952626099461
2021-11-04 18:00:00,410318.20790504996,346777.89323885,63540.31466619995
2021-11-08 09:15:00,412186.76725964004,348646.4525934401,63540.31466619995
2021-11-09 09:15:00,413961.14682099,350420.83215479006,63540.31466619995
2021-11-10 09:15:00,412927.90002942004,344704.2690364101,68223.63099300995
2021-11-11 09:15:00,410560.03687969997,342336.40588669,68223.63099300995
2021-11-12 09:15:00,411634.5282262201,343410.89723321015,68223.63099300995
2021-11-15 09:15:00,410408.9795288699,340991.95309221995,69417.02643664995
2021-11-16 09:15:00,409316.1644515199,339899.13801486994,69417.02643664995
2021-11-17 09:15:00,407203.70761874,337786.68118209,69417.02643664995
2021-11-18 09:15:00,402151.52548061014,335628.3882979802,66523.13718262994
2021-11-22 09:15:00,395003.36306104995,328480.22587842,66523.13718262994
2021-11-23 09:15:00,400635.7901976099,400003.10296498,632.6872326299344
2021-11-24 09:15:00,402213.76864633977,334093.94809055986,68119.82055577994
2021-11-25 09:15:00,404592.82953148,336473.00897570007,68119.82055577994
2021-11-26 09:15:00,395354.54902469995,327234.72846892005,68119.82055577994
2021-11-29 09:15:00,390101.19267313,325935.5844595801,64165.60821354994
2021-11-30 09:15:00,391313.86281428003,327148.2546007301,64165.60821354994
2021-12-01 09:15:00,393737.2970628299,329571.68884927995,64165.60821354994
2021-12-02 09:15:00,397235.24797594,332195.40793248004,65039.84004345994
2021-12-03 09:15:00,398464.03970649,333424.19966303004,65039.84004345994
2021-12-06 09:15:00,393975.0486008499,328935.20855738997,65039.84004345994
2021-12-07 09:15:00,399030.19500029,335256.10315930005,63774.09184098994
2021-12-08 09:15:00,403255.65479021985,339481.5629492299,63774.09184098994
2021-12-09 09:15:00,405444.01058690005,341669.9187459101,63774.09184098994
2021-12-10 09:15:00,407757.52388533985,342074.49885692995,65683.02502840993
2021-12-13 09:15:00,406200.72655341995,405870.70152501,330.0250284099311
2021-12-14 09:15:00,405010.59083820984,404680.56580979994,330.0250284099311
2021-12-15 09:15:00,403335.4040106398,338764.3499404299,64571.05407020992
2021-12-16 09:15:00,400677.7043400099,336106.6502698,64571.05407020992
2021-12-17 09:15:00,394502.4330833499,329931.37901314,64571.05407020992
2021-12-20 09:15:00,384298.2419623498,323243.6966885399,61054.54527380992
2021-12-21 09:15:00,387803.2361826499,326748.69090884,61054.54527380992
2021-12-22 09:15:00,391812.3394521701,330757.7941783602,61054.54527380992
2021-12-23 09:15:00,395320.0483947,334893.06420439004,60426.98419030992
2021-12-24 09:15:00,392619.1773592098,332192.19316889986,60426.98419030992
2021-12-27 09:15:00,393971.0236024199,333544.03941210994,60426.98419030992
2021-12-28 09:15:00,398965.9635573399,340948.74083693,58017.22272040992
2021-12-29 09:15:00,400167.92273152986,342150.70001111994,58017.22272040992
2021-12-30 09:15:00,401416.88612866984,343399.6634082599,58017.22272040992
2021-12-31 09:15:00,405531.21245854977,404280.63978813984,1250.5726704099216
2022-01-03 09:15:00,410028.09367464966,408777.52100423974,1250.5726704099216
2022-01-04 09:15:00,412493.9268731299,411243.35420272,1250.5726704099216
2022-01-05 09:15:00,414458.9842493799,352080.6240947,62378.360154679925
2022-01-06 09:15:00,413690.39736806,351312.0372133801,62378.360154679925
2022-01-07 09:15:00,415060.85458089993,352682.49442622,62378.360154679925
2022-01-10 09:15:00,419844.5704492097,360714.4917684298,59130.07868077992
2022-01-11 09:15:00,420226.4817503299,361096.40306955,59130.07868077992
2022-01-12 09:15:00,423063.0829401799,363933.0042594,59130.07868077992
2022-01-13 09:15:00,425226.10523492977,362916.61405034986,62309.49118457992
2022-01-14 09:15:00,427672.9161628898,365363.4249783099,62309.49118457992
2022-01-17 09:15:00,430468.10941445996,368158.61822988006,62309.49118457992
2022-01-18 09:15:00,424007.8454896501,359941.22305677016,64066.62243287992
2022-01-19 09:15:00,424460.4587227899,360393.83628990996,64066.62243287992
2022-01-20 09:15:00,423304.4199843899,422134.79755151,1169.6224328799217
2022-01-21 09:15:00,415797.49447533995,354301.05117973004,61496.44329560992
2022-01-24 09:15:00,401857.6977907799,340361.25449516997,61496.44329560992
2022-01-25 09:15:00,406624.31148189,345127.8681862801,61496.44329560992
2022-01-27 09:15:00,404705.32270767976,347484.57681954984,57220.74588812992
2022-01-28 09:15:00,407422.8599070099,350202.11401887995,57220.74588812992
2022-01-31 09:15:00,410826.2477168899,353605.50182875997,57220.74588812992
2022-02-01 09:15:00,414520.21248365997,360465.22515834006,54054.98732531992
2022-02-02 09:15:00,420281.52977833996,366226.54245302005,54054.98732531992
2022-02-03 09:15:00,421067.33649645996,367012.34917114006,54054.98732531992
2022-02-04 09:15:00,419028.31934434007,357875.2399612201,61153.07938311992
2022-02-07 09:15:00,417309.96109111997,356156.88170800003,61153.07938311992
2022-02-08 09:15:00,414105.60233003995,352952.52294692,61153.07938311992
2022-02-09 09:15:00,415543.01000804995,355124.38446807006,60418.62553997992
2022-02-10 09:15:00,415744.62702165,415507.6514316701,236.9755899799202
2022-02-11 09:15:00,409893.23134119,409656.2557512101,236.9755899799202
2022-02-14 09:15:00,395356.10463294986,337203.39423778997,58152.71039515992
2022-02-15 09:15:00,402672.2410775099,344519.53068235,58152.71039515992
2022-02-16 09:15:00,403245.59603006,345092.8856349001,58152.71039515992
2022-02-17 09:15:00,401477.00419109996,340941.92202811,60535.08216298992
2022-02-18 09:15:00,398219.87355553993,337684.79139255,60535.08216298992
2022-02-21 09:15:00,391258.50691991986,330723.4247569299,60535.08216298992
2022-02-22 09:15:00,385038.62637154997,327246.83899811003,57791.787373439925
2022-02-23 09:15:00,389093.97672743985,331302.1893539999,57791.787373439925
2022-02-24 09:15:00,370299.3008469999,312507.51347356,57791.787373439925
2022-02-25 09:15:00,382888.16953891004,324461.84970159014,58426.31983731993
2022-02-28 09:15:00,386873.4087292899,328447.08889197,58426.31983731993
2022-03-02 09:15:00,388499.3601301799,330073.04029285995,58426.31983731993
2022-03-03 09:15:00,387231.7691245,386561.44938718004,670.3197373199291
2022-03-04 09:15:00,381802.18432736985,381131.8645900499,670.3197373199291
2022-03-07 09:15:00,376033.25131903985,375362.9315817199,670.3197373199291
2022-03-08 09:15:00,380416.58854178,316831.4388184001,63585.14972337993
2022-03-09 09:15:00,386244.0808496598,322658.9311262799,63585.14972337993
2022-03-10 09:15:00,388754.73525206017,325169.58552868024,63585.14972337993
2022-03-11 09:15:00,392440.0386764399,327705.38729377,64734.65138266993
2022-03-14 09:15:00,393019.43925222,328284.78786955005,64734.65138266993
2022-03-15 09:15:00,389089.5307931398,324354.8794104699,64734.65138266993
2022-03-16 09:15:00,394350.84681186994,329271.58069426,65079.26611760993
2022-03-17 09:15:00,397400.09051368985,332320.82439607993,65079.26611760993
2022-03-21 09:15:00,396576.35737673996,331497.09125913004,65079.26611760993
2022-03-22 09:15:00,397101.43311179,334449.72287016007,62651.71024162993
2022-03-23 09:15:00,396500.903842,333849.1936003701,62651.71024162993
2022-03-24 09:15:00,397019.9012369401,396999.94094531017,19.960291629933636
2022-03-25 09:15:00,396350.33872037,329859.62022852007,66490.71849184994
2022-03-28 09:15:00,394571.38827333006,328080.6697814801,66490.71849184994
2022-03-29 09:15:00,397089.3565854699,330598.63809361996,66490.71849184994
2022-03-30 09:15:00,399652.6790511502,332151.68872730026,67500.99032384994
2022-03-31 09:15:00,400623.6804521699,333122.69012831995,67500.99032384994
2022-04-01 09:15:00,407328.09378016,339827.10345631005,67500.99032384994
2022-04-04 09:15:00,415005.8290985098,353690.10534533986,61315.723753169936
2022-04-05 09:15:00,419816.34397807997,358500.62022491003,61315.723753169936
2022-04-06 09:15:00,420971.14850830985,359655.4247551399,61315.723753169936
2022-04-07 09:15:00,418937.17149613996,357686.24700659,61250.924489549936
2022-04-08 09:15:00,422258.8487296699,361007.92424011993,61250.924489549936
2022-04-11 09:15:00,425788.3255084999,364537.40101895,61250.924489549936
2022-04-12 09:15:00,421292.75203906995,358976.69630139,62316.05573767993
2022-04-13 09:15:00,422872.6083629101,422743.40272523015,129.20563767993008
2022-04-18 09:15:00,420995.35174147005,420866.1461037901,129.20563767993008
2022-04-19 09:15:00,416464.4915936199,353888.95904727,62575.532546349925
2022-04-20 09:15:00,417901.3097229599,355325.77717660996,62575.532546349925
2022-04-21 09:15:00,423356.5342700598,360781.00172370987,62575.532546349925
2022-04-22 09:15:00,421235.9646511,363067.52564296004,58168.439008139925
2022-04-25 09:15:00,415467.2130864599,357298.77407831996,58168.439008139925
2022-04-26 09:15:00,419086.2792876499,360917.84027950995,58168.439008139925
2022-04-27 09:15:00,416527.79381672986,359757.18141992996,56770.61239679992
2022-04-28 09:15:00,419124.88034775987,362354.26795095997,56770.61239679992
2022-04-29 09:15:00,417042.4792434698,360271.8668466699,56770.61239679992
2022-05-02 09:15:00,414610.8716613997,355664.4505981898,58946.42106320992
2022-05-04 09:15:00,406782.7293737299,347836.30831051996,58946.42106320992
2022-05-05 09:15:00,406289.4282771899,347343.00721397996,58946.42106320992
2022-05-06 09:15:00,399725.37861464993,398700.10755144,1025.271063209926
2022-05-09 09:15:00,393856.4520584499,392831.18099524,1025.271063209926
2022-05-10 09:15:00,388767.59963939997,387742.32857619005,1025.271063209926
2022-05-11 09:15:00,385857.62185384985,337698.4488503399,48159.173003509924
2022-05-12 09:15:00,379854.91471831,331695.74171480007,48159.173003509924
2022-05-13 09:15:00,382562.35546209,334403.18245858006,48159.173003509924
2022-05-16 09:15:00,388667.8929086799,336945.13559739996,51722.75731127992
2022-05-17 09:15:00,397730.77211435995,346008.01480308,51722.75731127992
2022-05-18 09:15:00,399244.7575164801,347522.00020520017,51722.75731127992
2022-05-19 09:15:00,390350.52380888985,341353.4886631799,48997.035145709924
2022-05-20 09:15:00,397760.91609794996,348763.88095224,48997.035145709924
2022-05-23 09:15:00,396453.8671582499,347456.83201253996,48997.035145709924
2022-05-24 09:15:00,392272.50389342,349563.79184572,42708.712047699926
2022-05-25 09:15:00,383123.20949687995,340414.49744918,42708.712047699926
2022-05-26 09:15:00,387250.62087087985,386394.9088231799,855.7120476999262
2022-05-27 09:15:00,391607.94817714003,344669.2486134401,46938.69956369993
2022-05-30 09:15:00,399777.7324257798,352839.03286207985,46938.69956369993
2022-05-31 09:15:00,400864.2332028999,353925.5336392,46938.69956369993
2022-06-01 09:15:00,402943.88579194,356855.21259520005,46088.673196739925
2022-06-02 09:15:00,405530.5682591999,359441.89506246,46088.673196739925
2022-06-03 09:15:00,401373.4761321,355284.80293536006,46088.673196739925
2022-06-06 09:15:00,400425.90078099,354772.9671281201,45652.93365286993
2022-06-07 09:15:00,398480.3229914999,352827.38933862996,45652.93365286993
2022-06-08 09:15:00,397245.2180463799,351592.28439350997,45652.93365286993
2022-06-09 09:15:00,398217.07440147,350941.2785436001,47275.795857869925
2022-06-10 09:15:00,395287.34438731,348011.5485294401,47275.795857869925
2022-06-13 09:15:00,384053.44874454994,336777.65288668004,47275.795857869925
2022-06-14 09:15:00,383674.0623489198,340399.9690360899,43274.09331282993
2022-06-15 09:15:00,384809.12190878985,383929.52859595994,879.5933128299293
2022-06-16 09:15:00,374997.5309147398,374117.9376019099,879.5933128299293
2022-06-17 09:15:00,370330.75826692977,328184.19627173984,42146.56199518993
2022-06-20 09:15:00,362021.4380064598,319874.87601126987,42146.56199518993
2022-06-21 09:15:00,372400.58331086976,330254.0213156798,42146.56199518993
2022-06-22 09:15:00,367994.5738519098,323084.44531182986,44910.128540079924
2022-06-23 09:15:00,370881.49788029975,325971.3693402198,44910.128540079924
2022-06-24 09:15:00,375236.8276545199,330326.69911443995,44910.128540079924
2022-06-27 09:15:00,379368.8069223099,335267.88674606,44100.92017624992
2022-06-28 09:15:00,380450.29627529,336349.3760990401,44100.92017624992
2022-06-29 09:15:00,378942.21999510005,334841.2998188501,44100.92017624992
2022-06-30 09:15:00,376872.01291887986,331712.6927494899,45159.320169389925
2022-07-01 09:15:00,378372.4809855799,333213.16081618995,45159.320169389925
2022-07-04 09:15:00,380941.42468095,335782.10451156006,45159.320169389925
2022-07-05 09:15:00,382879.7613945998,381747.1912752099,1132.5701193899222
2022-07-06 09:15:00,390125.0186555298,388992.4485361399,1132.5701193899222
2022-07-07 09:15:00,397241.83209385,396109.2619744601,1132.5701193899222
2022-07-08 09:15:00,399416.9105777698,353792.7380581099,45624.17251965992
2022-07-11 09:15:00,403778.5911179697,358154.4185983098,45624.17251965992
2022-07-12 09:15:00,401729.5876944,356105.4151747401,45624.17251965992
2022-07-13 09:15:00,401158.8465840399,353754.97723416,47403.86934987992
2022-07-14 09:15:00,400102.8343374199,352698.96498754,47403.86934987992
2022-07-15 09:15:00,401361.2061103598,353957.3367604799,47403.86934987992
2022-07-18 09:15:00,406695.44447742985,358815.21884179994,47880.22563562992
2022-07-19 09:15:00,409467.4194481,361587.19381247007,47880.22563562992
2022-07-20 09:15:00,410557.10007100995,362676.87443538004,47880.22563562992
2022-07-21 09:15:00,413742.0435347498,365764.7094054099,47977.33412933992
2022-07-22 09:15:00,415107.2758236099,367129.94169427,47977.33412933992
2022-07-25 09:15:00,412755.0161264999,411998.48199716,756.5341293399179
2022-07-26 09:15:00,408238.2880602199,361409.09840396995,46829.189656249924
2022-07-27 09:15:00,411872.3517107899,365043.16205453995,46829.189656249924
2022-07-28 09:15:00,414512.0871306798,367682.89747442986,46829.189656249924
2022-07-29 09:15:00,420381.96465723997,368020.69310052006,52361.27155671993
2022-08-01 09:15:00,424714.41114006005,372353.13958334015,52361.27155671993
2022-08-02 09:15:00,424502.3268176,372141.0552608801,52361.27155671993
2022-08-03 09:15:00,423126.24847838003,372407.1888063701,50719.05967200993
2022-08-04 09:15:00,423283.54594762984,372564.48627561994,50719.05967200993
2022-08-05 09:15:00,423841.5765805398,373122.51690852985,50719.05967200993
2022-08-08 09:15:00,425631.27802840987,380264.30280844995,45366.97521995993
2022-08-10 09:15:00,426899.9379882797,381532.96276831976,45366.97521995993
2022-08-11 09:15:00,428971.76149018004,383604.7862702201,45366.97521995993
2022-08-12 09:15:00,431406.6411230499,381064.10124611,50342.53987693993
2022-08-16 09:15:00,438864.7726635898,438445.4327466499,419.3399169399345
2022-08-17 09:15:00,443669.90141348983,443250.5614965499,419.3399169399345
2022-08-18 09:15:00,444455.3175100699,393737.3891708499,50717.928339219936
2022-08-19 09:15:00,439672.0963951201,388954.16805590014,50717.928339219936
2022-08-22 09:15:00,433980.76914508996,383262.84080587,50717.928339219936
2022-08-23 09:15:00,436618.0752889099,386321.86411384,50296.21117506993
2022-08-24 09:15:00,439142.5176810299,388846.30650596,50296.21117506993
2022-08-25 09:15:00,440064.24265023,389768.0314751601,50296.21117506993
2022-08-26 09:15:00,442836.28855619987,389536.8151334999,53299.473422699935
2022-08-29 09:15:00,440054.8485312998,386755.37510859984,53299.473422699935
2022-08-30 09:15:00,445722.07740091986,392422.6039782199,53299.473422699935
2022-09-01 09:15:00,445800.40074348,389309.75092814007,56490.64981533994
2022-09-02 09:15:00,445682.79043843,389192.14062309003,56490.64981533994
2022-09-05 09:15:00,448105.8481367099,391615.19832136994,56490.64981533994
2022-09-06 09:15:00,446405.48745971976,446390.3376443798,15.14981533993705
2022-09-07 09:15:00,452953.9234780199,452938.77366267995,15.14981533993705
2022-09-08 09:15:00,453149.26407566987,453134.1142603299,15.14981533993705
2022-09-09 09:15:00,453359.7057050598,402461.7658522199,50897.93985283994
2022-09-12 09:15:00,457163.21499966993,406265.27514683,50897.93985283994
2022-09-13 09:15:00,457946.82194155996,407048.88208872004,50897.93985283994
2022-09-14 09:15:00,458824.19698008994,406514.8686502,52309.32832988994
2022-09-15 09:15:00,457649.56723019993,405340.23890031,52309.32832988994
2022-09-16 09:15:00,448286.34683125,395977.0185013601,52309.32832988994
2022-09-19 09:15:00,447443.4395957999,399707.78700029996,47735.65259549994
2022-09-20 09:15:00,452108.8827790899,404373.23018358997,47735.65259549994
2022-09-21 09:15:00,450702.44596936,402966.79337386007,47735.65259549994
2022-09-22 09:15:00,450755.0416157901,397603.69648377015,53151.34513201994
2022-09-23 09:15:00,443447.40303085005,390296.0578988301,53151.34513201994
2022-09-26 09:15:00,430356.0662491699,430124.7211171499,231.34513201993832
2022-09-27 09:15:00,433356.13954527996,382650.40466342005,50705.734881859935
2022-09-28 09:15:00,431476.9959181099,380771.26103625,50705.734881859935
2022-09-29 09:15:00,434334.1851564099,383628.45027455,50705.734881859935
2022-09-30 09:15:00,438799.90146420005,387565.0603227001,51234.841141499935
2022-10-03 09:15:00,436084.44164969976,384849.60050819983,51234.841141499935
2022-10-04 09:15:00,442561.31430264004,391326.4731611401,51234.841141499935
2022-10-06 09:15:00,447353.8596619699,394182.85625337996,53171.00340858994
2022-10-07 09:15:00,448161.56825386995,394990.56484528,53171.00340858994
2022-10-10 09:15:00,446251.9462947698,393080.9428861799,53171.00340858994
2022-10-11 09:15:00,439343.14562754997,385446.0854107,53897.06021684994
2022-10-12 09:15:00,441526.5281756498,387629.46795879985,53897.06021684994
2022-10-13 09:15:00,440082.10811022,386185.04789337004,53897.06021684994
2022-10-14 09:15:00,440378.30220055,389169.90698870004,51208.395211849944
2022-10-17 09:15:00,441863.02210655005,441468.6268947001,394.39521184994373
2022-10-18 09:15:00,445949.9242576801,445555.52904583013,394.39521184994373
2022-10-19 09:15:00,447556.83054813,395077.19003981,52479.64050831994
2022-10-20 09:15:00,448041.39479119,395561.75428287004,52479.64050831994
2022-10-21 09:15:00,446917.37424767,394437.73373935005,52479.64050831994
2022-10-24 18:15:00,449756.12813360995,399279.13150554,50476.996628069945
2022-10-25 09:15:00,449653.7306301699,399176.73400209995,50476.996628069945
2022-10-27 09:15:00,451509.0344217099,401032.03779363993,50476.996628069945
2022-10-28 09:15:00,449619.0261864298,396121.32332385983,53497.702862569946
2022-10-31 09:15:00,452781.5962511599,399283.89338858996,53497.702862569946
2022-11-01 09:15:00,454435.24262646,400937.53976389003,53497.702862569946
2022-11-02 09:15:00,455046.2718922199,399164.9877814,55881.28411081994
2022-11-03 09:15:00,455503.76706241985,399622.48295159993,55881.28411081994
2022-11-04 09:15:00,457471.99086745986,401590.70675663993,55881.28411081994
2022-11-07 09:15:00,459787.01600918005,459552.2318983601,234.78411081994273
2022-11-09 09:15:00,457832.53093238,457597.7468215601,234.78411081994273
2022-11-10 09:15:00,454044.0547765397,453809.27066571976,234.78411081994273
2022-11-11 09:15:00,456395.96438876993,402265.82522029,54130.139168479946
2022-11-14 09:15:00,457687.92125585984,403557.7820873799,54130.139168479946
2022-11-15 09:15:00,458293.59580251994,404163.45663404,54130.139168479946
2022-11-16 09:15:00,457684.7715939,406293.38421790005,51391.38737599995
2022-11-17 09:15:00,457004.24804114003,405612.8606651401,51391.38737599995
2022-11-18 09:15:00,454118.51920213987,402727.1318261399,51391.38737599995
2022-11-21 09:15:00,455575.9328111,403628.9554511,51946.977359999946
2022-11-22 09:15:00,457693.98453036,405747.00717036,51946.977359999946
2022-11-23 09:15:00,459871.4027513999,407924.42539139994,51946.977359999946
2022-11-24 09:15:00,462052.8194644998,409702.3370514998,52350.48241299995
2022-11-25 09:15:00,464749.8524401001,412399.37002710014,52350.48241299995
2022-11-28 09:15:00,466725.6266275,466479.14421450003,246.48241299994697
2022-11-29 09:15:00,466840.43818999984,412389.15620999987,54451.28197999995
2022-11-30 09:15:00,471155.01277333003,416703.73079333006,54451.28197999995
2022-12-01 09:15:00,472726.1874352999,418274.90545529994,54451.28197999995
2022-12-02 09:15:00,473410.9510517999,417377.1272204999,56033.823831299946
2022-12-05 09:15:00,474040.7790659,418006.95523460006,56033.823831299946
2022-12-06 09:15:00,471389.1840132999,415355.3601819999,56033.823831299946
2022-12-07 09:15:00,471161.67501759995,416268.3527583,54893.322259299945
2022-12-08 09:15:00,473848.6262395,418955.3039802001,54893.322259299945
2022-12-09 09:15:00,469069.3533192999,414176.03105999995,54893.322259299945
2022-12-12 09:15:00,470952.9480583699,415931.74285266997,55021.205205699946
2022-12-13 09:15:00,473493.3996039,418472.1943982,55021.205205699946
2022-12-14 09:15:00,475432.1657699999,420410.96056429995,55021.205205699946
2022-12-15 09:15:00,475020.57746839995,422001.7523517,53018.82511669995
2022-12-16 09:15:00,471297.57789049984,470331.2527737999,966.3251166999471
2022-12-19 09:15:00,474677.7188496999,473711.3937329999,966.3251166999471
2022-12-20 09:15:00,473856.18530102994,419803.23018733,54052.95511369994
2022-12-21 09:15:00,465057.3904366999,411004.43532299995,54052.95511369994
2022-12-22 09:15:00,457202.40304852976,403149.4479348298,54052.95511369994
2022-12-23 09:15:00,440434.2709946999,389551.34090549994,50882.930089199945
2022-12-26 09:15:00,452602.89542037016,401719.9653311702,50882.930089199945
2022-12-27 09:15:00,457701.14186336996,406818.21177417005,50882.930089199945
2022-12-28 09:15:00,460543.68206949986,407943.1969802999,52600.485089199945
2022-12-29 09:15:00,461895.983499,409295.49840980006,52600.485089199945
2022-12-30 09:15:00,464050.81139237,411450.32630317,52600.485089199945
2023-01-02 09:15:00,468140.4897875299,415926.96978983,52213.51999769994
2023-01-03 09:15:00,468487.5559105,416274.03591280006,52213.51999769994
2023-01-04 09:15:00,464576.55989369977,412363.0398959998,52213.51999769994
2023-01-05 09:15:00,467121.593356,467013.5732583001,108.02009769994038
2023-01-06 09:15:00,464212.40428587,464104.3841881701,108.02009769994038
2023-01-09 09:15:00,465947.49701237003,465839.4769146701,108.02009769994038
2023-01-10 09:15:00,464301.9928180298,409676.4963590998,54625.49645892994
2023-01-11 09:15:00,463664.0645222899,409038.56806335994,54625.49645892994
2023-01-12 09:15:00,464031.6559835299,409406.15952459996,54625.49645892994
2023-01-13 09:15:00,464758.7347230299,412130.18827159994,52628.54645142994
2023-01-16 09:15:00,464442.5290638701,411813.98261244013,52628.54645142994
2023-01-17 09:15:00,463663.97259299,411035.42614156,52628.54645142994
2023-01-18 09:15:00,464725.43811032985,411206.3466758999,53519.09143442994
2023-01-19 09:15:00,463887.56460898975,410368.4731745598,53519.09143442994
2023-01-20 09:15:00,461414.39949586993,407895.30806144,53519.09143442994
2023-01-23 09:15:00,461576.9802338699,409261.97381744,52315.00641642994
2023-01-24 09:15:00,459591.90927803004,407276.9028616001,52315.00641642994
2023-01-25 09:15:00,454699.27935282997,453978.2229864,721.0563664299407
2023-01-27 09:15:00,448638.4072585298,394350.4178625999,54287.98939592994
2023-01-30 09:15:00,447570.3323727199,393282.34297679,54287.98939592994
2023-01-31 09:15:00,455408.1593666399,401120.16997070995,54287.98939592994
2023-02-01 09:15:00,449899.94377222995,396675.7490913,53224.19468092993
2023-02-02 09:15:00,450653.60065143,397429.4059705001,53224.19468092993
2023-02-03 09:15:00,448560.48590675974,395336.2912258298,53224.19468092993
2023-02-06 09:15:00,449671.1563592298,395691.45166229986,53979.70469692993
2023-02-07 09:15:00,449185.7047985999,395206.0001016699,53979.70469692993
2023-02-08 09:15:00,452696.24013026006,398716.5354333301,53979.70469692993
2023-02-09 09:15:00,453114.65876513004,398518.2040467001,54596.45471842993
2023-02-10 09:15:00,454028.8143746298,399432.3596561999,54596.45471842993
2023-02-13 09:15:00,448010.46424922976,393414.0095307998,54596.45471842993
2023-02-14 09:15:00,447079.87134593015,392169.47663250024,54910.39471342993
2023-02-15 09:15:00,449461.66746513004,449252.2726517001,209.39481342992804
2023-02-16 09:15:00,451482.1986905999,451272.80387716996,209.39481342992804
2023-02-17 09:15:00,450277.67615562986,397899.93129319994,52377.74486242992
2023-02-20 09:15:00,449859.2911775999,397481.54631517,52377.74486242992
2023-02-21 09:15:00,448551.8874124296,396174.1425499997,52377.74486242992
2023-02-22 09:15:00,442899.5137376299,389463.7470709,53435.76666672992
2023-02-23 09:15:00,443568.8409123301,390133.07424560015,53435.76666672992
2023-02-24 09:15:00,443463.35788023,390027.59121350007,53435.76666672992
2023-02-27 09:15:00,438760.60016122984,387745.48847999994,51015.11168122992
2023-02-28 09:15:00,440383.15853523,389368.0468540001,51015.11168122992
2023-03-01 09:15:00,446062.86868322996,395047.75700200006,51015.11168122992
2023-03-02 09:15:00,445653.75212876004,394601.5902333001,51052.161895459925
2023-03-03 09:15:00,448156.41181708995,397104.24992163,51052.161895459925
2023-03-06 09:15:00,451570.92829708965,400518.7664016297,51052.161895459925
2023-03-08 09:15:00,452645.9067479598,451885.49475249986,760.4119954599228
2023-03-09 09:15:00,450475.49532432994,449715.08332887,760.4119954599228
2023-03-10 09:15:00,447425.20828166,446664.79628620006,760.4119954599228
2023-03-13 09:15:00,440086.35834595986,387966.3883364999,52119.970009459925
2023-03-14 09:15:00,437803.56819226,385683.59818280005,52119.970009459925
2023-03-15 09:15:00,438337.40944578993,386217.43943633,52119.970009459925
2023-03-16 09:15:00,436714.59330945986,388341.8401379999,48372.753171459924
2023-03-17 09:15:00,439110.82129386,390738.0681224,48372.753171459924
2023-03-20 09:15:00,435394.3737360199,387021.62056455994,48372.753171459924
2023-03-21 09:15:00,436534.79064385983,391078.2211709999,45456.56947285993
2023-03-22 09:15:00,438196.5301340599,392739.9606612,45456.56947285993
2023-03-23 09:15:00,436792.26483505993,391335.69536220003,45456.56947285993
2023-03-24 09:15:00,431469.66068265,379183.95446379005,52285.70621885993
2023-03-27 09:15:00,427873.30197196,375587.59575310006,52285.70621885993
2023-03-28 09:15:00,424916.51756336004,424510.4613945001,406.0561688599264
2023-03-29 09:15:00,432154.47174745984,383330.6255220999,48823.84622535992
2023-03-31 09:15:00,437138.21696995985,388314.3707445999,48823.84622535992
2023-04-03 09:15:00,441860.47926235973,393036.6330369998,48823.84622535992
2023-04-05 09:15:00,445471.0774460299,399898.42087167,45572.65657435992
2023-04-06 09:15:00,446848.00068253005,401275.34410817013,45572.65657435992
2023-04-10 09:15:00,448890.8220025601,403318.16542820015,45572.65657435992
2023-04-11 09:15:00,451344.0684260598,404751.7168941999,46592.351531859924
2023-04-12 09:15:00,455125.22941052995,408532.87787867006,46592.351531859924
2023-04-13 09:15:00,458112.3990888599,411520.04755699995,46592.351531859924
2023-04-17 09:15:00,458800.41609545995,410302.0660649,48498.35003055992
2023-04-18 09:15:00,459769.1141406599,411270.7641101,48498.35003055992
2023-04-19 09:15:00,460173.17979856,411674.82976800005,48498.35003055992
2023-04-20 09:15:00,460061.6851521999,413120.37043209997,46941.31472009992
2023-04-21 09:15:00,457294.7588954999,456715.8942254,578.8646700999234
2023-04-24 09:15:00,459818.56920249993,459239.7045324,578.8646700999234
2023-04-25 09:15:00,461114.8369600998,409074.4222639999,52040.41469609992
2023-04-26 09:15:00,465241.5896071,413201.17491100007,52040.41469609992
2023-04-27 09:15:00,466883.0489856599,414842.63428955997,52040.41469609992
2023-04-28 09:15:00,471345.9310045997,420517.6397304998,50828.29127409992
2023-05-02 09:15:00,474664.84294889006,423836.55167479016,50828.29127409992
2023-05-03 09:15:00,477535.0754563897,426706.7841822898,50828.29127409992
2023-05-04 09:15:00,481219.13578808994,431425.49449199,49793.64129609992
2023-05-05 09:15:00,477930.77776209987,428137.13646599994,49793.64129609992
2023-05-08 09:15:00,480751.02735749976,430957.3860613998,49793.64129609992
2023-05-09 09:15:00,479393.02198300004,426125.3937726001,53267.628210399926
2023-05-10 09:15:00,482288.4614640401,429020.83325364016,53267.628210399926
2023-05-11 09:15:00,484471.46466584003,431203.8364554401,53267.628210399926
2023-05-12 09:15:00,483755.2483353999,483636.270125,118.97821039992414
2023-05-15 09:15:00,486684.40610295994,486565.42789256,118.97821039992414
2023-05-16 09:15:00,487649.6622228402,487530.68401244027,118.97821039992414
2023-05-17 09:15:00,489843.78855575994,436326.74539186,53517.04316389992
2023-05-18 09:15:00,487868.4342653401,434351.3911014402,53517.04316389992
2023-05-19 09:15:00,486442.42291846,432925.37975456007,53517.04316389992
2023-05-22 09:15:00,486852.07984089985,435509.8216149999,51342.258225899925
2023-05-23 09:15:00,486578.2096853402,435235.9514594402,51342.258225899925
2023-05-24 09:15:00,486969.11975625996,435626.86153036,51342.258225899925
2023-05-25 09:15:00,487199.8801434599,439265.89181855996,47933.988324899925
2023-05-26 09:15:00,490049.5734815399,442115.58515664,47933.988324899925
2023-05-29 09:15:00,490575.63254926,442641.64422436006,47933.988324899925
2023-05-30 09:15:00,490600.0583333399,442751.69503194,47848.36330139993
2023-05-31 09:15:00,492848.35102734,444999.98772594007,47848.36330139993
2023-06-01 09:15:00,497160.67783690017,496153.06453550025,1007.6133013999279
2023-06-02 09:15:00,500460.4661630398,449911.7178666399,50548.74829639992
2023-06-05 09:15:00,503301.73268439993,452752.98438800004,50548.74829639992
2023-06-06 09:15:00,504920.25439096,454371.50609456,50548.74829639992
2023-06-07 09:15:00,508826.2901988399,454328.40203144,54497.88816739992
2023-06-08 09:15:00,506220.0799258397,451722.19175843976,54497.88816739992
2023-06-09 09:15:00,504019.1070637599,449521.21889635996,54497.88816739992
2023-06-12 09:15:00,507306.39410276007,448261.72582936013,59044.66827339992
2023-06-13 09:15:00,511220.36135696014,452175.6930835602,59044.66827339992
2023-06-14 09:15:00,513697.6511188399,454652.98284544,59044.66827339992
2023-06-15 09:15:00,515493.6425239001,464373.0977170002,51120.54480689992
2023-06-16 09:15:00,519077.60982261,467957.0650157101,51120.54480689992
2023-06-19 09:15:00,521418.68021639995,470298.13540950004,51120.54480689992
2023-06-20 09:15:00,523861.08680325985,471733.71683935996,52127.36996389992
2023-06-21 09:15:00,523746.4559978999,522702.78603399993,1043.6699638999125
2023-06-22 09:15:00,518693.91153689986,517650.2415729999,1043.6699638999125
2023-06-23 09:15:00,513589.5301482599,458742.46509836,54847.06504989992
2023-06-26 09:15:00,517856.61173833994,463009.54668844,54847.06504989992
2023-06-27 09:15:00,521269.3199999,466422.2549500001,54847.06504989992
2023-06-28 09:15:00,521569.55357822974,472176.0808148298,49393.472763399914
2023-06-30 09:15:00,524497.8481737297,475104.3754103298,49393.472763399914
2023-07-03 09:15:00,527295.3142384,477901.8414750001,49393.472763399914
2023-07-04 09:15:00,525713.3663906899,475437.65153329,50275.714857399915
2023-07-05 09:15:00,528563.3094439099,478287.59458651004,50275.714857399915
2023-07-06 09:15:00,532031.9419323899,481756.22707498993,50275.714857399915
2023-07-07 09:15:00,530058.8688258899,476645.71555511997,53413.153270769915
2023-07-10 09:15:00,528309.2298102699,474896.07653950003,53413.153270769915
2023-07-11 09:15:00,533571.9303897498,480158.7771189799,53413.153270769915
2023-07-12 09:15:00,534640.6380037498,534320.4846329798,320.1533707699127
2023-07-13 09:15:00,531654.6215011501,531334.4681303801,320.1533707699127
2023-07-14 09:15:00,538618.20236575,538298.04899498,320.1533707699127
2023-07-17 09:15:00,542397.0967009299,484758.65152228996,57638.445178639915
2023-07-18 09:15:00,541151.7543453497,483513.3091667098,57638.445178639915
2023-07-19 09:15:00,542919.1607328499,485280.71555420995,57638.445178639915
2023-07-20 09:15:00,544333.99945935,484547.45925471006,59786.54020463992
2023-07-21 09:15:00,543209.3467486498,483422.80654400995,59786.54020463992
2023-07-24 09:15:00,544505.46167513,484718.92147049,59786.54020463992
2023-07-25 09:15:00,545783.0945046498,487376.9993735098,58406.09513113992
2023-07-26 09:15:00,547341.28658063,488935.19144949,58406.09513113992
2023-07-27 09:15:00,548568.3483806299,490162.25324949,58406.09513113992
2023-07-28 09:15:00,550997.1136017098,492278.18992343993,58718.923678269915
2023-07-31 09:15:00,557479.4304312099,498760.50675293995,58718.923678269915
2023-08-01 09:15:00,557500.92962691,556413.75594864,1087.1736782699154
2023-08-02 09:15:00,550998.2055561699,488083.81674176996,62914.38881439992
2023-08-03 09:15:00,550890.7174417299,487976.32862732996,62914.38881439992
2023-08-04 09:15:00,553086.13409163,490171.7452772301,62914.38881439992
2023-08-07 09:15:00,557569.0435689299,498497.7328714,59071.310697529916
2023-08-08 09:15:00,559265.32272793,500194.0120304001,59071.310697529916
2023-08-09 09:15:00,561621.4931949299,502550.18249740003,59071.310697529916
2023-08-10 09:15:00,559021.33160243,504899.02934563,54122.302256799914
2023-08-11 09:15:00,558790.97717293,504668.67491613014,54122.302256799914
2023-08-14 09:15:00,556464.6737704301,502342.3715136302,54122.302256799914
2023-08-16 09:15:00,559719.8518109301,504556.0745791301,55163.77723179991
2023-08-17 09:15:00,562731.5955603002,507567.81832850026,55163.77723179991
2023-08-18 09:15:00,561337.1513519298,506173.37412012985,55163.77723179991
2023-08-21 09:15:00,565570.6754791699,504407.8314920001,61162.84398716991
2023-08-22 09:15:00,569501.0317580099,568863.38767084,637.6440871699087
2023-08-23 09:15:00,574389.1904941698,573751.5464069999,637.6440871699087
2023-08-24 09:15:00,576199.4680945799,516284.8639014099,59914.604193169915
2023-08-25 09:15:00,572842.0163131699,512927.41211999994,59914.604193169915
2023-08-28 09:15:00,575590.48825658,515675.8840634101,59914.604193169915
2023-08-29 09:15:00,578642.5783432599,518731.64103885996,59910.937304399915
2023-08-30 09:15:00,581320.0763937399,521409.13908934,59910.937304399915
2023-08-31 09:15:00,584594.7165905398,524683.7792861399,59910.937304399915
2023-09-01 09:15:00,588353.7236443999,528095.870828,60257.852816399914
2023-09-04 09:15:00,592736.5126428999,532478.6598265,60257.852816399914
2023-09-05 09:15:00,596525.4836694497,536267.6308530498,60257.852816399914
2023-09-06 09:15:00,598133.0346053999,538383.4819070001,59749.552698399915
2023-09-07 09:15:00,601622.7314754499,541873.17877705,59749.552698399915
2023-09-08 09:15:00,604773.7114044499,545024.15870605,59749.552698399915
2023-09-11 09:15:00,610142.17602595,609294.9232675501,847.2527583999181
2023-09-12 09:15:00,589321.9512168999,588474.6984585,847.2527583999181
2023-09-13 09:15:00,594825.8639688999,593978.6112105,847.2527583999181
2023-09-14 09:15:00,599927.2878943998,538759.8951539999,61167.39274039992
2023-09-15 09:15:00,604442.0830623999,543274.690322,61167.39274039992
2023-09-18 09:15:00,601845.3596893497,540677.9669489497,61167.39274039992
2023-09-20 09:15:00,598247.2493699497,531604.5966645498,66642.65270539992
2023-09-21 09:15:00,592546.7232593499,525904.07055395,66642.65270539992
2023-09-22 09:15:00,592189.7604813501,525547.1077759502,66642.65270539992
2023-09-25 09:15:00,593825.17597521,524675.9068011801,69149.26917402992
2023-09-26 09:15:00,595037.98713303,525888.717959,69149.26917402992
2023-09-27 09:15:00,598580.41273745,529431.14356342,69149.26917402992
2023-09-28 09:15:00,594642.9599350297,524908.9789039998,69733.98103102992
2023-09-29 09:15:00,601402.96081103,531668.97978,69733.98103102992
2023-10-03 09:15:00,602012.1823120803,601463.7514010504,548.4309110299073
2023-10-04 09:15:00,596865.6397860299,533404.1388425,63461.50094352991
2023-10-05 09:15:00,597971.1024360298,534509.6014924999,63461.50094352991
2023-10-06 09:15:00,602973.4992830297,539511.9983394998,63461.50094352991
2023-10-09 09:15:00,593574.1297780299,525374.6288175,68199.50096052991
2023-10-10 09:15:00,602982.2987395299,534782.797779,68199.50096052991
2023-10-11 09:15:00,606189.3422069796,537989.8412464497,68199.50096052991
2023-10-12 09:15:00,608112.1054500799,538699.75461355,69412.3508365299
2023-10-13 09:15:00,607327.7039309801,537915.3530944502,69412.3508365299
2023-10-16 09:15:00,610324.3795469799,540912.02871045,69412.3508365299
2023-10-17 09:15:00,613277.36288898,540123.2620504501,73154.1008385299
2023-10-18 09:15:00,609173.6430464799,536019.54220795,73154.1008385299
2023-10-19 09:15:00,609112.1061045799,535958.00526605,73154.1008385299
2023-10-20 09:15:00,602212.3964680297,530969.2705989998,71243.1258690299
2023-10-23 09:15:00,584566.3472630301,584019.4713940002,546.8758690299001
2023-10-25 09:15:00,579720.6394585299,579173.7635895,546.8758690299001
2023-10-26 09:15:00,576011.8547400797,513244.4539190499,62767.4008210299
2023-10-27 09:15:00,584789.43516953,522022.0343485001,62767.4008210299
2023-10-30 09:15:00,586036.7068410298,523269.3060199999,62767.4008210299
2023-10-31 09:15:00,587456.7476980297,520583.04685399984,66873.7008440299
2023-11-01 09:15:00,586247.6059525299,519373.90510850004,66873.7008440299
2023-11-02 09:15:00,589937.0530400298,523063.35219599993,66873.7008440299
2023-11-03 09:15:00,593875.22111345,524820.5237984201,69054.6973150299
2023-11-06 09:15:00,599520.50565321,530465.8083381801,69054.6973150299
2023-11-07 09:15:00,600296.4834098498,531241.7860948199,69054.6973150299
2023-11-08 09:15:00,604044.80512029,533646.0498910001,70398.7552292899
2023-11-09 09:15:00,601660.2104311299,531261.45520184,70398.7552292899
2023-11-10 09:15:00,603660.98738745,533262.2321581601,70398.7552292899
2023-11-12 18:15:00,609072.0298849898,608747.2746557,324.7552292899054
2023-11-13 09:15:00,608178.4562272897,607853.7009979999,324.7552292899054
2023-11-15 09:15:00,614959.26463593,614634.5094066401,324.7552292899054
2023-11-16 09:15:00,617219.89234679,541144.9478065,76074.94454028991
2023-11-17 09:15:00,620378.6830142899,544303.738474,76074.94454028991
2023-11-20 09:15:00,620944.10874852,544869.1642082301,76074.94454028991
2023-11-21 09:15:00,623207.94044652,547429.7874276001,75778.15301891991
2023-11-22 09:15:00,621564.4046834199,545786.2516645,75778.15301891991
2023-11-23 09:15:00,623187.4189330197,547409.2659140999,75778.15301891991
2023-11-24 09:15:00,625208.55835032,553981.24911036,71227.30923995991
2023-11-28 09:15:00,627336.8096229598,556109.5003829999,71227.30923995991
2023-11-29 09:15:00,630434.4971163197,559207.1878763598,71227.30923995991
2023-11-30 09:15:00,636324.2923221696,564999.6532532098,71324.6390689599
2023-12-01 09:15:00,639881.8944299697,568557.2553610099,71324.6390689599
2023-12-04 09:15:00,649703.6789969598,648771.6398679999,932.0391289599065
2023-12-05 09:15:00,650553.6313542099,585352.24298325,65201.38837095991
2023-12-06 09:15:00,653845.9997114601,588644.6113405002,65201.38837095991
2023-12-07 09:15:00,656717.4252117099,591516.03684075,65201.38837095991
2023-12-08 09:15:00,654361.3277849598,586915.9394374999,67445.38834745991
2023-12-11 09:15:00,658302.5144352099,590857.12608775,67445.38834745991
2023-12-12 09:15:00,657779.5168057099,590334.12845825,67445.38834745991
2023-12-13 09:15:00,661307.1764854599,594981.504314,66325.67217145991
2023-12-14 09:15:00,667286.6382529499,600960.96608149,66325.67217145991
2023-12-15 09:15:00,671902.0747251699,605576.40255371,66325.67217145991
2023-12-18 09:15:00,674040.3859618396,609826.9756553797,64213.41030645991
2023-12-19 09:15:00,675386.4798544795,611173.0695480197,64213.41030645991
2023-12-20 09:15:00,654498.25062348,590284.8403170201,64213.41030645991
2023-12-21 09:15:00,664821.1208658202,596909.4103334902,67911.71053232992
2023-12-22 09:15:00,671778.5826058399,671330.3720735101,448.21053232991835
2023-12-26 09:15:00,677621.9024275399,677173.6918952101,448.21053232991835
2023-12-27 09:15:00,679564.9060878501,614294.3808910202,65270.52519682991
2023-12-28 09:15:00,685968.7670308099,620698.24183398,65270.52519682991
2023-12-29 09:15:00,690190.5500208101,624920.0248239802,65270.52519682991
2024-01-01 09:15:00,696628.1022520799,626768.14554925,69859.95670282992
2024-01-02 09:15:00,698977.9923640797,629118.0356612498,69859.95670282992
2024-01-03 09:15:00,699017.4621725797,629157.5054697498,69859.95670282992
2024-01-04 09:15:00,704953.4092920797,631521.4025662498,73432.00672582992
2024-01-05 09:15:00,707854.8098073301,634422.8030815002,73432.00672582992
2024-01-08 09:15:00,701865.4661779796,628433.4594521497,73432.00672582992
2024-01-09 09:15:00,705094.4470756601,631922.0905963302,73172.35647932993
2024-01-10 09:15:00,706539.0078782099,633366.6513988799,73172.35647932993
2024-01-11 09:15:00,711834.3009603296,638661.9444809997,73172.35647932993
2024-01-12 09:15:00,713696.9656894498,712850.8592801199,846.1064093299356
2024-01-15 09:15:00,715387.9794328099,714541.87302348,846.1064093299356
2024-01-16 09:15:00,712971.0702354497,712124.9638261198,846.1064093299356
2024-01-17 09:15:00,708536.66282654,638387.12035321,70149.54247332993
2024-01-18 09:15:00,706764.59142254,636615.0489492101,70149.54247332993
2024-01-19 09:15:00,716559.4793918302,646409.9369185002,70149.54247332993
2024-01-20 09:15:00,718140.0006888899,647886.92524206,70253.07544682993
2024-01-23 09:15:00,700272.0035924701,630018.9281456402,70253.07544682993
2024-01-24 09:15:00,711930.5536731898,641677.4782263599,70253.07544682993
2024-01-25 09:15:00,713477.8359360399,641407.29519121,72070.54074482992
2024-01-29 09:15:00,718945.47333482,646874.9325899901,72070.54074482992
2024-01-30 09:15:00,717809.82654584,645739.2858010101,72070.54074482992
2024-01-31 09:15:00,729288.55366756,661163.366622,68125.18704555993
2024-02-01 09:15:00,729923.3587984198,661798.1717528598,68125.18704555993
2024-02-02 09:15:00,731508.0866524999,730799.1996069399,708.8870455599244
2024-02-05 09:15:00,731155.8970191199,658410.18524006,72745.71177905993
2024-02-06 09:15:00,739030.33272042,666284.62094136,72745.71177905993
2024-02-07 09:15:00,740060.4552745002,667314.7434954402,72745.71177905993
2024-02-08 09:15:00,737916.0737700197,669604.1123988298,68311.96137118993
2024-02-09 09:15:00,730237.2752784602,661925.3139072703,68311.96137118993
2024-02-12 09:15:00,712538.76310752,644226.80173633,68311.96137118993
2024-02-13 09:15:00,713851.39246502,636276.80623883,77574.58622618993
2024-02-14 09:15:00,718788.2637619199,641213.67753573,77574.58622618993
2024-02-15 09:15:00,724937.4339831899,647362.8477569999,77574.58622618993
2024-02-16 09:15:00,729016.0880623498,655593.7680066599,73422.32005568992
2024-02-19 09:15:00,732372.0996813502,658949.7796256603,73422.32005568992
2024-02-20 09:15:00,731945.30831355,658522.9882578601,73422.32005568992
2024-02-21 09:15:00,728222.0965471899,653558.2260954999,74663.87045168993
2024-02-22 09:15:00,734335.5726483198,733475.2021966298,860.3704516899306
2024-02-23 09:15:00,736285.02075732,735424.65030563,860.3704516899306
2024-02-26 09:15:00,734150.7239850198,657241.2115755999,76909.51240941993
2024-02-27 09:15:00,733198.13226782,656288.6198584,76909.51240941993
2024-02-28 09:15:00,723794.36827182,646884.8558624001,76909.51240941993
2024-02-29 09:15:00,727985.1582281201,649453.4105053302,78531.74772278992
2024-03-01 09:15:00,733281.2051006199,654749.45737783,78531.74772278992
2024-03-02 09:15:00,737416.5145060197,658884.7667832298,78531.74772278992
2024-03-04 09:15:00,736397.5132434597,657028.0405236698,79369.47271978992
2024-03-05 09:15:00,734962.2991420199,655592.82642223,79369.47271978992
2024-03-06 09:15:00,727165.8128230601,647796.3401032701,79369.47271978992
2024-03-07 09:15:00,732281.6617927898,657837.334067,74444.32772578992
2024-03-11 09:15:00,723511.9895959601,649067.6618701703,74444.32772578992
2024-03-12 09:15:00,711186.4462185199,636742.1184927301,74444.32772578992
2024-03-13 09:15:00,681969.7097371197,681212.8820113299,756.8277257899172
2024-03-14 09:15:00,700395.1368644601,699638.3091386701,756.8277257899172
2024-03-15 09:15:00,702129.4260129598,701372.5982871698,756.8277257899172
2024-03-18 09:15:00,700956.9345631199,628787.86643406,72169.06812905992
2024-03-19 09:15:00,692135.7211790597,619966.6530499998,72169.06812905992
2024-03-20 09:15:00,690381.6555801197,618212.5874510598,72169.06812905992
2024-03-21 09:15:00,702335.76666706,627854.8283620001,74480.93830505991
2024-03-22 09:15:00,705147.8005822,630666.8622771401,74480.93830505991
2024-03-26 09:15:00,706968.1935994999,632487.25529444,74480.93830505991
2024-03-27 09:15:00,707935.9356875002,633399.7173964402,74536.21829105991
2024-03-28 09:15:00,710611.4617526202,636075.2434615602,74536.21829105991
2024-04-01 09:15:00,726187.5534769201,651651.3351858602,74536.21829105991
2024-04-02 09:15:00,731873.5428929398,654528.5476350099,77344.99525792991
2024-04-03 09:15:00,738732.0673444198,661387.0720864899,77344.99525792991
2024-04-04 09:15:00,738889.3046054196,738433.8093474897,455.49525792991335
2024-04-05 09:15:00,743725.2622713097,657784.2084878798,85941.05378342992
2024-04-08 09:15:00,746576.1857759502,660635.1319925203,85941.05378342992
2024-04-09 09:15:00,747114.24751191,661173.1937284801,85941.05378342992
2024-04-10 09:15:00,751811.6974033101,669434.2936718802,82377.40373142992
2024-04-12 09:15:00,747464.1862924303,665086.7825610003,82377.40373142992
2024-04-15 09:15:00,738352.2964793099,655974.89274788,82377.40373142992
2024-04-16 09:15:00,741288.44048492,659443.6737524901,81844.76673242993
2024-04-18 09:15:00,739530.4836769201,657685.7169444901,81844.76673242993
2024-04-19 09:15:00,739286.4342937198,657441.6675612899,81844.76673242993
2024-04-22 09:15:00,746169.08601479,657898.18292036,88270.90309442993
2024-04-23 09:15:00,751621.4760423701,663350.5729479401,88270.90309442993
2024-04-24 09:15:00,758334.4147189902,670063.5116245602,88270.90309442993
2024-04-25 09:15:00,764791.33313644,675274.9463430101,89516.38679342993
2024-04-26 09:15:00,773136.2407296398,772193.9539362099,942.2867934299284
2024-04-29 09:15:00,773546.8951957198,772604.6084022899,942.2867934299284
2024-04-30 09:15:00,774088.3069837198,684313.8588775599,89774.44810615992
2024-05-02 09:15:00,774809.5951541598,685035.1470479999,89774.44810615992
2024-05-03 09:15:00,773404.8923660996,683630.4442599397,89774.44810615992
2024-05-06 09:15:00,767416.3009581602,672234.9949527303,95181.30600542993
2024-05-07 09:15:00,758603.1488636599,663421.84285823,95181.30600542993
2024-05-08 09:15:00,762707.5808647001,667526.2748592702,95181.30600542993
2024-05-09 09:15:00,746695.5462114296,659587.1399719997,87108.40623942993
2024-05-10 09:15:00,751881.3470786602,664772.9408392302,87108.40623942993
2024-05-13 09:15:00,753157.5670582599,666049.1608188299,87108.40623942993
2024-05-14 09:15:00,764807.1106542898,682919.3475298599,81887.76312442993
2024-05-15 09:15:00,768207.07834257,686319.31521814,81887.76312442993
2024-05-16 09:15:00,773391.2351704898,691503.4720460598,81887.76312442993
2024-05-17 09:15:00,782812.2354335698,781331.7723091398,1480.463124429938
2024-05-18 09:15:00,789674.8875182898,788194.4243938599,1480.463124429938
2024-05-21 09:15:00,792345.0376333698,790864.5745089399,1480.463124429938
2024-05-22 09:15:00,796109.7998273701,706238.6616979402,89871.13812942995
2024-05-23 09:15:00,797596.5204755699,707725.3823461399,89871.13812942995
2024-05-24 09:15:00,796561.7301505702,706690.5920211402,89871.13812942995
2024-05-27 09:15:00,796800.7399759897,705333.5518605597,91467.18811542995
2024-05-28 09:15:00,792390.1958669896,700923.0077515596,91467.18811542995
2024-05-29 09:15:00,794452.2338150697,702985.0456996397,91467.18811542995
2024-05-30 09:15:00,784855.1402665699,694825.01213014,90030.12813642995
2024-05-31 09:15:00,788917.3445723699,698887.21643594,90030.12813642995
2024-06-03 09:15:00,802760.12769149,712729.99955506,90030.12813642995
2024-06-04 09:15:00,757784.0455474298,662110.6582559999,95673.38729142994
2024-06-05 09:15:00,778525.2456124299,682851.858321,95673.38729142994
2024-06-06 09:15:00,797422.8193050302,796110.7320136002,1312.0872914299398
2024-06-07 09:15:00,809011.74583614,720625.5223777101,88386.22345842993
2024-06-10 09:15:00,819296.5889009396,730910.3654425096,88386.22345842993
2024-06-11 09:15:00,824487.1148349198,736100.8913764899,88386.22345842993
2024-06-12 09:15:00,830712.7237299399,741158.14527301,89554.57845692993
2024-06-13 09:15:00,837522.8762136399,747968.29775671,89554.57845692993
2024-06-14 09:15:00,843981.9475189198,754427.36906199,89554.57845692993
2024-06-18 09:15:00,852058.2330762201,753505.1994982902,98553.03357792993
2024-06-19 09:15:00,849450.0489299297,750897.0153519998,98553.03357792993
2024-06-20 09:15:00,858315.3632219299,759762.3296439999,98553.03357792993
2024-06-21 09:15:00,855382.52586193,758965.657138,96416.86872392993
2024-06-24 09:15:00,854728.3345164299,758311.4657925,96416.86872392993
2024-06-25 09:15:00,854872.9776739299,758456.1089499999,96416.86872392993
2024-06-26 09:15:00,854903.34530593,760313.1216790001,94590.22362692993
2024-06-27 09:15:00,850321.14228993,849162.4686630002,1158.673626929929
2024-06-28 09:15:00,851294.6166629302,850135.9430360002,1158.673626929929
2024-07-01 09:15:00,863624.79993993,769652.32635,93972.47358992993
2024-07-02 09:15:00,863708.6389389301,769736.1653490001,93972.47358992993
2024-07-03 09:15:00,872604.4731159299,778631.9995259999,93972.47358992993
2024-07-04 09:15:00,877228.4416659299,779754.397988,97474.04367792992
2024-07-05 09:15:00,882116.67788193,784642.6342040001,97474.04367792992
2024-07-08 09:15:00,885532.1810679298,788058.1373899999,97474.04367792992
2024-07-09 09:15:00,887146.85917593,785792.1253950001,101354.73378092992
2024-07-10 09:15:00,880833.7370759298,779479.0032949998,101354.73378092992
2024-07-11 09:15:00,886411.3026079303,785056.5688270003,101354.73378092992
2024-07-12 09:15:00,885612.78595443,785030.1672325,100582.61872192992
2024-07-15 09:15:00,890415.6742654302,789833.0555435002,100582.61872192992
2024-07-16 09:15:00,890818.8666684302,790236.2479465002,100582.61872192992
2024-07-18 09:15:00,885987.7933779296,885545.6746559996,442.1187219299318
2024-07-19 09:15:00,867200.1025119303,866757.9837900003,442.1187219299318
2024-07-22 09:15:00,876044.15404793,875602.0353260001,442.1187219299318
2024-07-23 09:15:00,871925.5327794302,772941.0689930002,98984.46378642993
2024-07-24 09:15:00,880748.0830934303,781763.6193070003,98984.46378642993
2024-07-25 09:15:00,880595.8045794296,781611.3407929996,98984.46378642993
2024-07-26 09:15:00,887966.7288399301,782127.8452005002,105838.88363942993
2024-07-29 09:15:00,896382.4541689302,790543.5705295003,105838.88363942993
2024-07-30 09:15:00,902952.31854443,797113.434905,105838.88363942993
2024-07-31 09:15:00,904176.0835674299,798649.57988,105526.50368742993
2024-08-01 09:15:00,901857.7702774302,796331.2665900002,105526.50368742993
2024-08-02 09:15:00,893347.1512909299,787820.6476034999,105526.50368742993
2024-08-05 09:15:00,866321.9521984298,765085.93852,101236.01367842992
2024-08-06 09:15:00,864998.2004059298,763762.1867274999,101236.01367842992
2024-08-07 09:15:00,879678.6846174299,878494.020939,1184.663678429919
2024-08-08 09:15:00,875953.0303094297,775769.4666499998,100183.56365942991
2024-08-09 09:15:00,879289.6247894296,779106.0611299997,100183.56365942991
2024-08-12 09:15:00,881866.2540159296,781682.6903564997,100183.56365942991
2024-08-13 09:15:00,871389.3929519296,769088.1893679997,102301.20358392992
2024-08-14 09:15:00,865339.6336509301,763038.4300670002,102301.20358392992
2024-08-16 09:15:00,877034.8431839298,774733.6395999999,102301.20358392992
2024-08-19 09:15:00,883480.2529839299,779229.579461,104250.67352292992
2024-08-20 09:15:00,887592.0325969298,783341.3590739999,104250.67352292992
2024-08-21 09:15:00,895080.6632079298,790829.9896849999,104250.67352292992
2024-08-22 09:15:00,895673.1855239298,792952.9520269998,102720.23349692993
2024-08-23 09:15:00,897192.2743599298,794472.0408629999,102720.23349692993
2024-08-26 09:15:00,901209.1505229298,798488.9170259999,102720.23349692993
2024-08-27 09:15:00,902976.11307293,806948.4596720001,96027.65340092992
2024-08-28 09:15:00,901732.5562609299,901015.95286,716.6034009299328
2024-08-29 09:15:00,898094.9143329303,897378.3109320004,716.6034009299328
2024-08-30 09:15:00,903608.56823643,811968.6398255,91639.92841092992
2024-09-02 09:15:00,905074.4519589297,813434.5235479998,91639.92841092992
2024-09-03 09:15:00,909212.4285964302,817572.5001855004,91639.92841092992
2024-09-04 09:15:00,907796.6934909301,809506.2750800002,98290.41841092992
2024-09-05 09:15:00,912720.75556093,814430.33715,98290.41841092992
2024-09-06 09:15:00,903324.4649669301,805034.0465560001,98290.41841092992
2024-09-09 09:15:00,899941.3884109299,790859.0,109082.38841092993
2024-09-10 09:15:00,907666.3284109299,798583.94,109082.38841092993
2024-09-11 09:15:00,900282.3734109297,791199.9849999998,109082.38841092993
2024-09-12 09:15:00,906002.8834109299,812656.215,93346.66841092992
2024-09-13 09:15:00,909952.21841093,816605.55,93346.66841092992
2024-09-16 09:15:00,909293.7784109296,815947.1099999996,93346.66841092992
2024-09-17 09:15:00,907247.90341093,905636.785,1611.1184109299065
2024-09-18 09:15:00,907485.1434109301,905874.0250000001,1611.1184109299065
2024-09-19 09:15:00,904021.16841093,902410.05,1611.1184109299065
2024-09-20 09:15:00,912971.8784109297,823935.8899999998,89035.98841092992
2024-09-23 09:15:00,920511.0934109299,831475.105,89035.98841092992
2024-09-24 09:15:00,921376.4984109302,832340.5100000002,89035.98841092992
2024-09-25 09:15:00,917368.12841093,821942.1500000001,95425.97841092992
2024-09-26 09:15:00,916414.8184109299,820988.84,95425.97841092992
2024-09-27 09:15:00,916785.6584109298,821359.6799999999,95425.97841092992
2024-09-30 09:15:00,916509.8084109302,821679.2700000003,94830.53841092992
2024-10-01 09:15:00,918880.1284109299,824049.59,94830.53841092992
2024-10-03 09:15:00,902971.4984109299,808140.96,94830.53841092992
2024-10-04 09:15:00,895253.4084109302,807652.3800000002,87601.02841092992
2024-10-07 09:15:00,872138.1684109297,784537.1399999998,87601.02841092992
2024-10-08 09:15:00,888645.4984109302,886893.4700000002,1752.02841092991
2024-10-09 09:15:00,899517.40841093,802266.5,97250.90841092991
2024-10-10 09:15:00,901773.7884109296,804522.8799999997,97250.90841092991
2024-10-11 09:15:00,902716.7984109302,805465.8900000002,97250.90841092991
2024-10-14 09:15:00,903765.4984109298,797106.9299999999,106658.56841092992
2024-10-15 09:15:00,906614.9934109303,799956.4250000004,106658.56841092992
2024-10-16 09:15:00,909231.89341093,802573.3250000001,106658.56841092992
2024-10-17 09:15:00,895891.6084109299,788358.72,107532.88841092993
2024-10-18 09:15:00,892941.9784109301,785409.0900000002,107532.88841092993
2024-10-21 09:15:00,881013.7184109298,773480.8299999998,107532.88841092993
2024-10-22 09:15:00,858056.7384109297,750524.8499999997,107531.88841092993
2024-10-23 09:15:00,864573.5884109297,757041.6999999997,107531.88841092993
2024-10-24 09:15:00,859010.6884109299,751478.7999999999,107531.88841092993
2024-10-25 09:15:00,842778.8034109299,748005.4949999999,94773.30841092992
2024-10-28 09:15:00,848671.0784109303,847499.5700000004,1171.508410929935
2024-10-29 09:15:00,856584.7534109299,855413.245,1171.508410929935
2024-10-30 09:15:00,865689.5684109302,768195.5200000003,97494.04841092993
2024-10-31 09:15:00,871706.9784109301,774212.9300000002,97494.04841092993
2024-11-01 18:00:00,876778.9284109299,779284.8799999999,97494.04841092993
2024-11-04 09:15:00,863920.9884109301,764124.3000000003,99796.68841092993
2024-11-05 09:15:00,869353.8284109295,769557.1399999995,99796.68841092993
2024-11-06 09:15:00,885038.7484109299,785242.06,99796.68841092993
2024-11-07 09:15:00,878322.39841093,773645.78,104676.61841092994
2024-11-08 09:15:00,865052.1784109299,760375.5599999999,104676.61841092994
2024-11-11 09:15:00,859346.3984109301,754669.7800000001,104676.61841092994
2024-11-12 09:15:00,849563.0484109299,748255.8699999999,101307.17841092993
2024-11-13 09:15:00,828324.5684109296,727017.3899999997,101307.17841092993
2024-11-14 09:15:00,831470.1284109299,730162.95,101307.17841092993
2024-11-18 09:15:00,826242.6384109297,825838.3599999998,404.2784109299391
2024-11-19 09:15:00,832527.5684109301,832123.2900000002,404.2784109299391
2024-11-21 09:15:00,824013.3584109299,823609.08,404.2784109299391
2024-11-22 09:15:00,835210.1534109298,743452.5249999999,91757.62841092994
2024-11-25 09:15:00,851328.0034109299,759570.375,91757.62841092994
2024-11-26 09:15:00,853199.1684109299,761441.5399999999,91757.62841092994
2024-11-27 09:15:00,859685.0434109299,744134.0449999999,115550.99841092994
2024-11-28 09:15:00,860759.1534109298,745208.1549999999,115550.99841092994
2024-11-29 09:15:00,866215.1284109298,750664.1299999999,115550.99841092994
2024-12-02 09:15:00,868792.9584109301,757324.3400000002,111468.61841092994
2024-12-03 09:15:00,876739.52841093,765270.91,111468.61841092994
2024-12-04 09:15:00,883269.2384109303,771800.6200000003,111468.61841092994
2024-12-05 09:15:00,885228.1584109298,783804.4199999999,101423.73841092995
2024-12-06 09:15:00,888342.29841093,786918.56,101423.73841092995
2024-12-09 09:15:00,889054.2284109301,888617.8900000001,436.33841092995135
2024-12-10 09:15:00,892671.5284109301,785488.1600000001,107183.36841092995
2024-12-11 09:15:00,895229.5484109299,788046.1799999999,107183.36841092995
2024-12-12 09:15:00,888729.7684109302,781546.4000000003,107183.36841092995
2024-12-13 09:15:00,887327.80841093,771655.97,115671.83841092995
2024-12-16 09:15:00,889384.1884109299,773712.35,115671.83841092995
2024-12-17 09:15:00,881250.7384109299,765578.8999999999,115671.83841092995
2024-12-18 09:15:00,875002.4884109298,763352.7099999998,111649.77841092995
2024-12-19 09:15:00,872698.97841093,761049.2000000001,111649.77841092995
2024-12-20 09:15:00,858545.4384109299,746895.6599999999,111649.77841092995
2024-12-23 09:15:00,855398.16841093,745069.98,110328.18841092996
2024-12-24 09:15:00,859108.56841093,748780.38,110328.18841092996
2024-12-26 09:15:00,857022.0684109301,746693.8800000001,110328.18841092996
2024-12-27 09:15:00,858816.8384109299,753596.97,105219.86841092995
2024-12-30 09:15:00,850760.0584109299,849489.94,1270.1184109299502
2024-12-31 09:15:00,854840.9284109297,853570.8099999998,1270.1184109299502
2025-01-01 09:15:00,859018.63841093,761419.3600000001,97599.27841092995
2025-01-02 09:15:00,865047.4884109299,767448.21,97599.27841092995
2025-01-03 09:15:00,864271.94841093,766672.67,97599.27841092995
2025-01-06 09:15:00,843406.08841093,739492.02,103914.06841092995
2025-01-07 09:15:00,849228.2784109303,745314.2100000003,103914.06841092995
2025-01-08 09:15:00,843657.1084109293,739743.0399999993,103914.06841092995
2025-01-09 09:15:00,838993.3984109301,742367.4100000001,96625.98841092995
2025-01-10 09:15:00,824126.3584109301,727500.3700000002,96625.98841092995
2025-01-13 09:15:00,797431.0884109302,700805.1000000003,96625.98841092995
2025-01-14 09:15:00,808220.2684109298,707535.5399999999,100684.72841092995
2025-01-15 09:15:00,810938.4684109299,710253.74,100684.72841092995
2025-01-16 09:15:00,820763.6184109299,720078.89,100684.72841092995
2025-01-17 09:15:00,827697.51841093,826395.09,1302.4284109299479
2025-01-20 09:15:00,831795.7884109298,830493.3599999999,1302.4284109299479
2025-01-21 09:15:00,819521.7984109299,818219.3699999999,1302.4284109299479
2025-01-22 09:15:00,812276.7684109296,710755.4199999997,101521.34841092995
2025-01-23 09:15:00,816524.0384109298,715002.69,101521.34841092995
2025-01-24 09:15:00,801658.9684109297,700137.6199999998,101521.34841092995
2025-01-27 09:15:00,782719.6784109301,684506.6500000001,98213.02841092995
2025-01-28 09:15:00,777801.6284109302,679588.6000000002,98213.02841092995
2025-01-29 09:15:00,795434.9084109297,697221.8799999998,98213.02841092995
2025-01-30 09:15:00,796971.3684109304,698543.9600000004,98427.40841092996
2025-01-31 09:15:00,809263.2184109299,710835.8099999999,98427.40841092996
2025-02-01 09:15:00,810926.7484109302,712499.3400000002,98427.40841092996
2025-02-03 09:15:00,800309.8384109301,708630.3000000002,91679.53841092996
2025-02-04 09:15:00,806822.4584109297,715142.9199999997,91679.53841092996
2025-02-05 09:15:00,811747.2584109299,810370.32,1376.9384109299572
2025-02-06 09:15:00,810706.3484109301,720026.3900000001,90679.95841092996
2025-02-07 09:15:00,808065.87841093,717385.92,90679.95841092996
2025-02-10 09:15:00,795808.7584109304,705128.8000000004,90679.95841092996
2025-02-11 09:15:00,773992.4684109302,680551.0400000003,93441.42841092996
2025-02-12 09:15:00,769116.6684109299,675675.2399999999,93441.42841092996
2025-02-13 09:15:00,769062.8684109297,675621.4399999997,93441.42841092996
2025-02-14 09:15:00,752023.6584109305,661895.0900000005,90128.56841092996
2025-02-17 09:15:00,751817.0084109299,661688.44,90128.56841092996
2025-02-18 09:15:00,747553.3384109299,657424.7699999999,90128.56841092996
2025-02-19 09:15:00,757125.6384109298,670868.0699999998,86257.56841092996
2025-02-20 09:15:00,764691.4884109297,678433.9199999997,86257.56841092996
2025-02-21 09:15:00,759147.0884109298,672889.5199999998,86257.56841092996
2025-02-24 09:15:00,753549.0684109299,666291.2599999999,87257.80841092997
2025-02-25 09:15:00,747525.8184109301,747263.6600000001,262.1584109299729
2025-02-27 09:15:00,740374.4384109301,740112.2800000001,262.1584109299729
2025-02-28 09:15:00,723482.10841093,633206.1900000001,90275.91841092997
2025-03-03 09:15:00,720669.3184109299,630393.3999999999,90275.91841092997
2025-03-04 09:15:00,725875.22841093,635599.31,90275.91841092997
2025-03-05 09:15:00,744821.71841093,660868.1000000001,83953.61841092996
2025-03-06 09:15:00,754874.65841093,670921.04,83953.61841092996
2025-03-07 09:15:00,758329.8684109298,674376.2499999999,83953.61841092996
2025-03-10 09:15:00,748420.4184109296,656414.6999999997,92005.71841092996
2025-03-11 09:15:00,747171.85841093,655166.1400000001,92005.71841092996
2025-03-12 09:15:00,745175.09841093,653169.3800000001,92005.71841092996
2025-03-13 09:15:00,742140.3084109301,655711.6800000002,86428.62841092996
2025-03-17 09:15:00,744739.0184109297,658310.3899999998,86428.62841092996
2025-03-18 09:15:00,759463.0084109303,673034.3800000004,86428.62841092996
2025-03-19 09:15:00,772594.4484109299,771963.82,630.6284109299595
2025-03-20 09:15:00,774603.9284109297,773973.2999999998,630.6284109299595
2025-03-21 09:15:00,785643.3384109301,785012.7100000002,630.6284109299595
2025-03-24 09:15:00,794546.0884109299,704752.6399999999,89793.44841092997
2025-03-25 09:15:00,788143.68841093,698350.24,89793.44841092997
2025-03-26 09:15:00,780745.6284109299,690952.1799999999,89793.44841092997
2025-03-27 09:15:00,788461.02841093,682661.99,105799.03841092996
2025-03-28 09:15:00,784238.4184109301,678439.3800000001,105799.03841092996
2025-04-01 09:15:00,784331.7084109301,678532.6700000002,105799.03841092996
2025-04-02 09:15:00,786500.89841093,688769.11,97731.78841092996
