,drawdown
2019-10-24 09:15:00,0.0
2019-10-25 09:15:00,0.0
2019-10-27 18:00:00,0.0
2019-10-29 09:15:00,0.0
2019-10-30 09:15:00,0.0
2019-10-31 09:15:00,0.0
2019-11-01 09:15:00,0.0
2019-11-04 09:15:00,0.0
2019-11-05 09:15:00,-0.009208911185030297
2019-11-06 09:15:00,-0.011647710887573676
2019-11-07 09:15:00,-0.00890535101175215
2019-11-08 09:15:00,-0.018731626509778474
2019-11-11 09:15:00,-0.01195016570449734
2019-11-13 09:15:00,-0.01865818598347603
2019-11-14 09:15:00,-0.020235867678487146
2019-11-15 09:15:00,-0.020748127871337275
2019-11-18 09:15:00,-0.015726286094120374
2019-11-19 09:15:00,-0.014615690808434204
2019-11-20 09:15:00,-0.014819688191489747
2019-11-21 09:15:00,-0.017524999973097824
2019-11-22 09:15:00,-0.018054543217275162
2019-11-25 09:15:00,-0.008576634552806994
2019-11-26 09:15:00,-0.01102047712454733
2019-11-27 09:15:00,-0.0069205580416676505
2019-11-28 09:15:00,-0.004768880287077716
2019-11-29 09:15:00,-0.0011197092555471505
2019-12-02 09:15:00,-0.005503097406688963
2019-12-03 09:15:00,-0.013789962328207884
2019-12-04 09:15:00,-0.008057864391642081
2019-12-05 09:15:00,-0.013322590816015147
2019-12-06 09:15:00,-0.022234620020376163
2019-12-09 09:15:00,-0.022348045406096445
2019-12-10 09:15:00,-0.03241451006874699
2019-12-11 09:15:00,-0.033089574812099176
2019-12-12 09:15:00,-0.024023742510248323
2019-12-13 09:15:00,-0.014667535209006021
2019-12-16 09:15:00,-0.01750675360488602
2019-12-17 09:15:00,-0.006019570096458908
2019-12-18 09:15:00,-0.0041815139726181115
2019-12-19 09:15:00,-0.00046959857886701855
2019-12-20 09:15:00,0.0
2019-12-23 09:15:00,0.0
2019-12-24 09:15:00,-0.002693338295733784
2019-12-26 09:15:00,-0.0017202772140770476
2019-12-27 09:15:00,0.0
2019-12-30 09:15:00,0.0
2019-12-31 09:15:00,0.0
2020-01-01 09:15:00,0.0
2020-01-02 09:15:00,0.0
2020-01-03 09:15:00,0.0
2020-01-06 09:15:00,-0.019648083996490533
2020-01-07 09:15:00,-0.00803574714475111
2020-01-08 09:15:00,-0.008353529936067128
2020-01-09 09:15:00,0.0
2020-01-10 09:15:00,0.0
2020-01-13 09:15:00,0.0
2020-01-14 09:15:00,0.0
2020-01-15 09:15:00,0.0
2020-01-16 09:15:00,0.0
2020-01-17 09:15:00,0.0
2020-01-20 09:15:00,-0.00546645591416717
2020-01-21 09:15:00,-0.011082704593652062
2020-01-22 09:15:00,-0.007597149666684311
2020-01-23 09:15:00,0.0
2020-01-24 09:15:00,0.0
2020-01-27 09:15:00,-0.0004983435763993521
2020-01-28 09:15:00,-0.007713899507462295
2020-01-29 09:15:00,-0.007997328557020253
2020-01-30 09:15:00,-0.020863984685974293
2020-01-31 09:15:00,-0.02652005149474546
2020-02-01 09:15:00,-0.053349030647604434
2020-02-03 09:15:00,-0.053136127935764055
2020-02-04 09:15:00,-0.041980227065902466
2020-02-05 09:15:00,-0.03313045576814281
2020-02-06 09:15:00,-0.027037279654707008
2020-02-07 09:15:00,-0.02537014797385326
2020-02-10 09:15:00,-0.0353330474929381
2020-02-11 09:15:00,-0.03737554843332855
2020-02-12 09:15:00,-0.040843802640275734
2020-02-13 09:15:00,-0.04595397850663195
2020-02-14 09:15:00,-0.057549961474799384
2020-02-17 09:15:00,-0.07070066429469188
2020-02-18 09:15:00,-0.0741780359488198
2020-02-19 09:15:00,-0.060549425113346864
2020-02-20 09:15:00,-0.061031632807045565
2020-02-24 09:15:00,-0.08014778913573443
2020-02-25 09:15:00,-0.08513705399247933
2020-02-26 09:15:00,-0.0973171026544189
2020-02-27 09:15:00,-0.10671398436689432
2020-02-28 09:15:00,-0.14208230656626486
2020-03-02 09:15:00,-0.1414627148663953
2020-03-03 09:15:00,-0.1249347693993698
2020-03-04 09:15:00,-0.13173730312640095
2020-03-05 09:15:00,-0.12869936157281242
2020-03-06 09:15:00,-0.14415765121294385
2020-03-09 09:15:00,-0.18120212317587292
2020-03-11 09:15:00,-0.18627969786850937
2020-03-12 09:15:00,-0.2571103433104451
2020-03-13 09:15:00,-0.2410106465084488
2020-03-16 09:15:00,-0.2807683380320245
2020-03-17 09:15:00,-0.2955161321520569
2020-03-18 09:15:00,-0.33241904554461127
2020-03-19 09:15:00,-0.361707600242768
2020-03-20 09:15:00,-0.3359244076802187
2020-03-23 09:15:00,-0.41046596242183836
2020-03-24 09:15:00,-0.41320524307028006
2020-03-25 09:15:00,-0.39299571091189994
2020-03-26 09:15:00,-0.3713942789312247
2020-03-27 09:15:00,-0.36979106273838697
2020-03-30 09:15:00,-0.3780848165819456
2020-03-31 09:15:00,-0.3529289559819328
2020-04-01 09:15:00,-0.35956656102460405
2020-04-03 09:15:00,-0.3637761070940576
2020-04-07 09:15:00,-0.32997326053172255
2020-04-08 09:15:00,-0.31686247002034323
2020-04-09 09:15:00,-0.2910364657675676
2020-04-13 09:15:00,-0.2888303572292767
2020-04-15 09:15:00,-0.2743775774922836
2020-04-16 09:15:00,-0.2657933268882591
2020-04-17 09:15:00,-0.2546943772137751
2020-04-20 09:15:00,-0.2515469062549569
2020-04-21 09:15:00,-0.2676307541653548
2020-04-22 09:15:00,-0.26204299911741563
2020-04-23 09:15:00,-0.2514938333942313
2020-04-24 09:15:00,-0.2657109250373281
2020-04-27 09:15:00,-0.26091700204289364
2020-04-28 09:15:00,-0.257993300014083
2020-04-29 09:15:00,-0.25073623614009183
2020-04-30 09:15:00,-0.23564361241144577
2020-05-04 09:15:00,-0.25995205629557744
2020-05-05 09:15:00,-0.2648272670260921
2020-05-06 09:15:00,-0.262027930667335
2020-05-07 09:15:00,-0.26512872167386675
2020-05-08 09:15:00,-0.26648344643632677
2020-05-11 09:15:00,-0.2675146697584787
2020-05-12 09:15:00,-0.27278335715278623
2020-05-13 09:15:00,-0.25706530667412214
2020-05-14 09:15:00,-0.2640041512240889
2020-05-15 09:15:00,-0.2650079215647632
2020-05-18 09:15:00,-0.2877144003168513
2020-05-19 09:15:00,-0.2864468732088709
2020-05-20 09:15:00,-0.277915908429788
2020-05-21 09:15:00,-0.2719304733873501
2020-05-22 09:15:00,-0.27561063096556954
2020-05-26 09:15:00,-0.27308657329138414
2020-05-27 09:15:00,-0.26612775573174985
2020-05-28 09:15:00,-0.25132366810895584
2020-05-29 09:15:00,-0.23851127515038334
2020-06-01 09:15:00,-0.2203370176356578
2020-06-02 09:15:00,-0.21053310807005807
2020-06-03 09:15:00,-0.20242377381003784
2020-06-04 09:15:00,-0.20274994735573423
2020-06-05 09:15:00,-0.18420016128757108
2020-06-08 09:15:00,-0.1744488072087455
2020-06-09 09:15:00,-0.176625524813428
2020-06-10 09:15:00,-0.1716525185323287
2020-06-11 09:15:00,-0.18274311945402577
2020-06-12 09:15:00,-0.182555023440979
2020-06-15 09:15:00,-0.18430370950667238
2020-06-16 09:15:00,-0.18339597058140866
2020-06-17 09:15:00,-0.18121409266023736
2020-06-18 09:15:00,-0.16761479873004959
2020-06-19 09:15:00,-0.15872181858822856
2020-06-22 09:15:00,-0.14371720500371649
2020-06-23 09:15:00,-0.1270908899013924
2020-06-24 09:15:00,-0.13885203763352508
2020-06-25 09:15:00,-0.13482619302633844
2020-06-26 09:15:00,-0.12907321097885827
2020-06-29 09:15:00,-0.13581538166937138
2020-06-30 09:15:00,-0.1412507003829825
2020-07-01 09:15:00,-0.14027097296166102
2020-07-02 09:15:00,-0.13542872530138647
2020-07-03 09:15:00,-0.1332137110551881
2020-07-06 09:15:00,-0.11877641913502565
2020-07-07 09:15:00,-0.11868924455160464
2020-07-08 09:15:00,-0.12131785477267788
2020-07-09 09:15:00,-0.11740984499892947
2020-07-10 09:15:00,-0.11961934120024885
2020-07-13 09:15:00,-0.1177980666489078
2020-07-14 09:15:00,-0.1281199072452712
2020-07-15 09:15:00,-0.1303830292189219
2020-07-16 09:15:00,-0.12735677139315071
2020-07-17 09:15:00,-0.11393874983536684
2020-07-20 09:15:00,-0.10474314593202991
2020-07-21 09:15:00,-0.10221348726314304
2020-07-22 09:15:00,-0.10346639699988772
2020-07-23 09:15:00,-0.09621735963644355
2020-07-24 09:15:00,-0.09969375350086399
2020-07-27 09:15:00,-0.10774837080404172
2020-07-28 09:15:00,-0.10242891523462752
2020-07-29 09:15:00,-0.09891609191322287
2020-07-30 09:15:00,-0.09917794799050386
2020-07-31 09:15:00,-0.0924656835127095
2020-08-03 09:15:00,-0.08447362547351367
2020-08-04 09:15:00,-0.07439172084900372
2020-08-05 09:15:00,-0.07278301943399478
2020-08-06 09:15:00,-0.06609766541134947
2020-08-07 09:15:00,-0.05937756196190737
2020-08-10 09:15:00,-0.0461726086715487
2020-08-11 09:15:00,-0.04348837855527559
2020-08-12 09:15:00,-0.040423977512008644
2020-08-13 09:15:00,-0.03073051447419417
2020-08-14 09:15:00,-0.03939194550463858
2020-08-17 09:15:00,-0.031878436127661856
2020-08-18 09:15:00,-0.022116460621365578
2020-08-19 09:15:00,-0.014032024084346558
2020-08-20 09:15:00,-0.00785160116883279
2020-08-21 09:15:00,0.0
2020-08-24 09:15:00,0.0
2020-08-25 09:15:00,0.0
2020-08-26 09:15:00,0.0
2020-08-27 09:15:00,0.0
2020-08-28 09:15:00,-0.0020499446092195196
2020-08-31 09:15:00,-0.038619274610630486
2020-09-01 09:15:00,-0.03358087929668427
2020-09-02 09:15:00,-0.021966972946947418
2020-09-03 09:15:00,-0.018705487264242895
2020-09-04 09:15:00,-0.029035690355984377
2020-09-07 09:15:00,-0.03232178989122526
2020-09-08 09:15:00,-0.039277460047393256
2020-09-09 09:15:00,-0.04809586937037676
2020-09-10 09:15:00,-0.03740260157532267
2020-09-11 09:15:00,-0.03425010776353602
2020-09-14 09:15:00,-0.010804039808151235
2020-09-15 09:15:00,-0.00043903608126458704
2020-09-16 09:15:00,0.0
2020-09-17 09:15:00,-0.003449194685289449
2020-09-18 09:15:00,-0.0033525868131840525
2020-09-21 09:15:00,-0.03557950678671026
2020-09-22 09:15:00,-0.043835996011060516
2020-09-23 09:15:00,-0.04197696222933436
2020-09-24 09:15:00,-0.06528023374405592
2020-09-25 09:15:00,-0.04182753694098343
2020-09-28 09:15:00,-0.02350660844681742
2020-09-29 09:15:00,-0.02615297504641152
2020-09-30 09:15:00,-0.02449288263820671
2020-10-01 09:15:00,-0.019791356788945082
2020-10-05 09:15:00,-0.01582148294696427
2020-10-06 09:15:00,-0.014307538669150301
2020-10-07 09:15:00,-0.02038260403324255
2020-10-08 09:15:00,-0.02191060036434857
2020-10-09 09:15:00,-0.023394916694538512
2020-10-12 09:15:00,-0.03260352497740007
2020-10-13 09:15:00,-0.03425130591296394
2020-10-14 09:15:00,-0.0329587152455677
2020-10-15 09:15:00,-0.04647405740229704
2020-10-16 09:15:00,-0.03494661105215928
2020-10-19 09:15:00,-0.022731902067727624
2020-10-20 09:15:00,-0.020580078765789243
2020-10-21 09:15:00,-0.018153835753277236
2020-10-22 09:15:00,-0.01206613656196828
2020-10-23 09:15:00,-0.008777320653331684
2020-10-26 09:15:00,-0.020139878768200753
2020-10-27 09:15:00,-0.01630369571451044
2020-10-28 09:15:00,-0.023095265858467634
2020-10-29 09:15:00,-0.02672704362586705
2020-10-30 09:15:00,-0.024742870168865803
2020-11-02 09:15:00,-0.02735141666727455
2020-11-03 09:15:00,-0.0224152055204488
2020-11-04 09:15:00,-0.022123286799595215
2020-11-05 09:15:00,-0.003461346992515423
2020-11-06 09:15:00,0.0
2020-11-09 09:15:00,0.0
2020-11-10 09:15:00,-0.0032008072266733333
2020-11-11 09:15:00,0.0
2020-11-12 09:15:00,0.0
2020-11-13 09:15:00,0.0
2020-11-14 18:00:00,0.0
2020-11-17 09:15:00,0.0
2020-11-18 09:15:00,0.0
2020-11-19 09:15:00,-0.002212777211462311
2020-11-20 09:15:00,0.0
2020-11-23 09:15:00,0.0
2020-11-24 09:15:00,0.0
2020-11-25 09:15:00,-0.0065768826992691895
2020-11-26 09:15:00,0.0
2020-11-27 09:15:00,0.0
2020-12-01 09:15:00,0.0
2020-12-02 09:15:00,0.0
2020-12-03 09:15:00,0.0
2020-12-04 09:15:00,0.0
2020-12-07 09:15:00,0.0
2020-12-08 09:15:00,-0.0020085558540489964
2020-12-09 09:15:00,0.0
2020-12-10 09:15:00,-0.0030434564858824753
2020-12-11 09:15:00,0.0
2020-12-14 09:15:00,0.0
2020-12-15 09:15:00,0.0
2020-12-16 09:15:00,0.0
2020-12-17 09:15:00,0.0
2020-12-18 09:15:00,-0.001991561895120191
2020-12-21 09:15:00,-0.048989823486195
2020-12-22 09:15:00,-0.04145099632753248
2020-12-23 09:15:00,-0.021091565898980206
2020-12-24 09:15:00,-0.014260039018287889
2020-12-28 09:15:00,0.0
2020-12-29 09:15:00,0.0
2020-12-30 09:15:00,0.0
2020-12-31 09:15:00,0.0
2021-01-01 09:15:00,0.0
2021-01-04 09:15:00,0.0
2021-01-05 09:15:00,0.0
2021-01-06 09:15:00,-4.3520722267975426e-05
2021-01-07 09:15:00,0.0
2021-01-08 09:15:00,0.0
2021-01-11 09:15:00,0.0
2021-01-12 09:15:00,0.0
2021-01-13 09:15:00,-0.00581124533831055
2021-01-14 09:15:00,-0.002196311740697025
2021-01-15 09:15:00,-0.016032051576315813
2021-01-18 09:15:00,-0.032141948058971415
2021-01-19 09:15:00,-0.01683803977544614
2021-01-20 09:15:00,-0.013726448798907519
2021-01-21 09:15:00,-0.019691084370326364
2021-01-22 09:15:00,-0.029894183695952262
2021-01-25 09:15:00,-0.04019147038028364
2021-01-27 09:15:00,-0.04344890209149197
2021-01-28 09:15:00,-0.04301370424198311
2021-01-29 09:15:00,-0.04738909194834545
2021-02-01 09:15:00,-0.027181179705140834
2021-02-02 09:15:00,-0.014255325923779512
2021-02-03 09:15:00,-0.0051540927977208875
2021-02-04 09:15:00,0.0
2021-02-05 09:15:00,-0.0037266591519424463
2021-02-08 09:15:00,0.0
2021-02-09 09:15:00,-0.003738564209518317
2021-02-10 09:15:00,0.0
2021-02-11 09:15:00,0.0
2021-02-12 09:15:00,-0.002338854732405627
2021-02-15 09:15:00,-0.0015395283434566061
2021-02-16 09:15:00,0.0
2021-02-17 09:15:00,0.0
2021-02-18 09:15:00,0.0
2021-02-19 09:15:00,-0.0072285527467001835
2021-02-22 09:15:00,-0.017216693744747307
2021-02-23 09:15:00,-0.005842243503642213
2021-02-24 09:15:00,0.0
2021-02-25 09:15:00,0.0
2021-02-26 09:15:00,-0.010885659112824795
2021-03-01 09:15:00,0.0
2021-03-02 09:15:00,0.0
2021-03-03 09:15:00,0.0
2021-03-04 09:15:00,0.0
2021-03-05 09:15:00,-0.013835830625424147
2021-03-08 09:15:00,-0.00829970786835427
2021-03-09 09:15:00,-0.014790567577489033
2021-03-10 09:15:00,-0.003904175141016879
2021-03-12 09:15:00,-0.0070210462101048315
2021-03-15 09:15:00,-0.011908654139197722
2021-03-16 09:15:00,-0.0062142220668239415
2021-03-17 09:15:00,-0.027591919225980668
2021-03-18 09:15:00,-0.03968662080724889
2021-03-19 09:15:00,-0.03410896431504177
2021-03-22 09:15:00,-0.0301792430633289
2021-03-23 09:15:00,-0.02701247993794075
2021-03-24 09:15:00,-0.04298623962520517
2021-03-25 09:15:00,-0.057674692292881316
2021-03-26 09:15:00,-0.04574805971711529
2021-03-30 09:15:00,-0.03371818758169563
2021-03-31 09:15:00,-0.030664050382862094
2021-04-01 09:15:00,-0.015524316388644805
2021-04-05 09:15:00,-0.02974650092523826
2021-04-06 09:15:00,-0.023055364539600266
2021-04-07 09:15:00,-0.008798034780759453
2021-04-08 09:15:00,0.0
2021-04-09 09:15:00,0.0
2021-04-12 09:15:00,-0.04470203229436098
2021-04-13 09:15:00,-0.03222105391637705
2021-04-15 09:15:00,-0.029047027551376614
2021-04-16 09:15:00,-0.01961647365481786
2021-04-19 09:15:00,-0.03596293089993224
2021-04-20 09:15:00,-0.03517291067742986
2021-04-22 09:15:00,-0.031792553030343056
2021-04-23 09:15:00,-0.02948428400113681
2021-04-26 09:15:00,-0.02514354076081192
2021-04-27 09:15:00,-0.0066271967177324665
2021-04-28 09:15:00,0.0
2021-04-29 09:15:00,-5.406923287854478e-05
2021-04-30 09:15:00,0.0
2021-05-03 09:15:00,0.0
2021-05-04 09:15:00,-0.005082851100092809
2021-05-05 09:15:00,0.0
2021-05-06 09:15:00,0.0
2021-05-07 09:15:00,0.0
2021-05-10 09:15:00,0.0
2021-05-11 09:15:00,0.0
2021-05-12 09:15:00,-0.002766159437313052
2021-05-14 09:15:00,-0.013394314024276628
2021-05-17 09:15:00,0.0
2021-05-18 09:15:00,0.0
2021-05-19 09:15:00,0.0
2021-05-20 09:15:00,-0.0015665182594108533
2021-05-21 09:15:00,0.0
2021-05-24 09:15:00,0.0
2021-05-25 09:15:00,0.0
2021-05-26 09:15:00,0.0
2021-05-27 09:15:00,0.0
2021-05-28 09:15:00,-0.0016467407171925344
2021-05-31 09:15:00,0.0
2021-06-01 09:15:00,-0.0015267211001316209
2021-06-02 09:15:00,0.0
2021-06-03 09:15:00,0.0
2021-06-04 09:15:00,0.0
2021-06-07 09:15:00,0.0
2021-06-08 09:15:00,0.0
2021-06-09 09:15:00,-0.0055069538957734894
2021-06-10 09:15:00,0.0
2021-06-11 09:15:00,0.0
2021-06-14 09:15:00,-0.0013664848010745724
2021-06-15 09:15:00,0.0
2021-06-16 09:15:00,-0.00233033839483705
2021-06-17 09:15:00,-0.008531770468514416
2021-06-18 09:15:00,-0.014768250821480538
2021-06-21 09:15:00,-0.006470280375658438
2021-06-22 09:15:00,0.0
2021-06-23 09:15:00,-0.0004703123582607299
2021-06-24 09:15:00,-0.002253292890658426
2021-06-25 09:15:00,0.0
2021-06-28 09:15:00,0.0
2021-06-29 09:15:00,-0.0006408513343161877
2021-06-30 09:15:00,0.0
2021-07-01 09:15:00,0.0
2021-07-02 09:15:00,0.0
2021-07-05 09:15:00,0.0
2021-07-06 09:15:00,-0.0017962567923755582
2021-07-07 09:15:00,0.0
2021-07-08 09:15:00,-0.004335478792286789
2021-07-09 09:15:00,-0.000974745068094767
2021-07-12 09:15:00,0.0
2021-07-13 09:15:00,0.0
2021-07-14 09:15:00,0.0
2021-07-15 09:15:00,0.0
2021-07-16 09:15:00,0.0
2021-07-19 09:15:00,-0.005736844295679917
2021-07-20 09:15:00,-0.018622625684053602
2021-07-22 09:15:00,-0.006848967369865045
2021-07-23 09:15:00,-0.008935235528465525
2021-07-26 09:15:00,-0.008401175210586758
2021-07-27 09:15:00,-0.014291257944905131
2021-07-28 09:15:00,-0.020697407535544672
2021-07-29 09:15:00,-0.015485652037540402
2021-07-30 09:15:00,-0.008205991830368336
2021-08-02 09:15:00,-0.0007301953549264981
2021-08-03 09:15:00,0.0
2021-08-04 09:15:00,-0.009323644587774538
2021-08-05 09:15:00,-0.013247410749024198
2021-08-06 09:15:00,-0.014373421752089317
2021-08-09 09:15:00,-0.021497632788070986
2021-08-10 09:15:00,-0.035837985277891886
2021-08-11 09:15:00,-0.04256947108815897
2021-08-12 09:15:00,-0.026757059644400845
2021-08-13 09:15:00,-0.026809589457869487
2021-08-16 09:15:00,-0.0300607391197454
2021-08-17 09:15:00,-0.033692413374659815
2021-08-18 09:15:00,-0.03404163903511737
2021-08-20 09:15:00,-0.05176245462209406
2021-08-23 09:15:00,-0.06521206726337363
2021-08-24 09:15:00,-0.054072621806380325
2021-08-25 09:15:00,-0.04567945063297782
2021-08-26 09:15:00,-0.04450087801773119
2021-08-27 09:15:00,-0.03758820457023647
2021-08-30 09:15:00,-0.02156259085055155
2021-08-31 09:15:00,-0.015151609770125836
2021-09-01 09:15:00,-0.01577997991078341
2021-09-02 09:15:00,-0.0019281520208388459
2021-09-03 09:15:00,0.0
2021-09-06 09:15:00,0.0
2021-09-07 09:15:00,-0.0034023594704653483
2021-09-08 09:15:00,-0.0003728205189716794
2021-09-09 09:15:00,0.0
2021-09-13 09:15:00,0.0
2021-09-14 09:15:00,0.0
2021-09-15 09:15:00,0.0
2021-09-16 09:15:00,0.0
2021-09-17 09:15:00,-0.007077267190098844
2021-09-20 09:15:00,-0.024029422305156225
2021-09-21 09:15:00,-0.019558819949888697
2021-09-22 09:15:00,-0.009096016763486842
2021-09-23 09:15:00,0.0
2021-09-24 09:15:00,-0.0041190399877758365
2021-09-27 09:15:00,-0.00515323902756506
2021-09-28 09:15:00,-0.009704532492843494
2021-09-29 09:15:00,-0.0023158479148801215
2021-09-30 09:15:00,0.0
2021-10-01 09:15:00,0.0
2021-10-04 09:15:00,0.0
2021-10-05 09:15:00,0.0
2021-10-06 09:15:00,-0.0038085856068952434
2021-10-07 09:15:00,0.0
2021-10-08 09:15:00,0.0
2021-10-11 09:15:00,0.0
2021-10-12 09:15:00,0.0
2021-10-13 09:15:00,0.0
2021-10-14 09:15:00,0.0
2021-10-18 09:15:00,0.0
2021-10-19 09:15:00,-0.011896323423373748
2021-10-20 09:15:00,-0.03142897577170353
2021-10-21 09:15:00,-0.03745423939252561
2021-10-22 09:15:00,-0.046032170049253376
2021-10-25 09:15:00,-0.059671484376824714
2021-10-26 09:15:00,-0.044996570363667006
2021-10-27 09:15:00,-0.04102142168954899
2021-10-28 09:15:00,-0.05690889616122238
2021-10-29 09:15:00,-0.05675816917928942
2021-11-01 09:15:00,-0.04205655148389291
2021-11-02 09:15:00,-0.03643349871962748
2021-11-03 09:15:00,-0.03679085509271852
2021-11-04 18:00:00,-0.026378819464105644
2021-11-08 09:15:00,-0.0210315892812943
2021-11-09 09:15:00,-0.015156190340462066
2021-11-10 09:15:00,-0.017980642763966548
2021-11-11 09:15:00,-0.024592291786587724
2021-11-12 09:15:00,-0.020830934696949664
2021-11-15 09:15:00,-0.022777911805017197
2021-11-16 09:15:00,-0.024917306392480174
2021-11-17 09:15:00,-0.03064127532436587
2021-11-18 09:15:00,-0.04354816488956114
2021-11-22 09:15:00,-0.06429528062506885
2021-11-23 09:15:00,-0.0517700389524861
2021-11-24 09:15:00,-0.04911538598890224
2021-11-25 09:15:00,-0.04188955622460113
2021-11-26 09:15:00,-0.0650553321670584
2021-11-29 09:15:00,-0.07824239181341514
2021-11-30 09:15:00,-0.0744647204192388
2021-12-01 09:15:00,-0.06888556320543048
2021-12-02 09:15:00,-0.05942984396035178
2021-12-03 09:15:00,-0.05529370976617314
2021-12-06 09:15:00,-0.06883236255482778
2021-12-07 09:15:00,-0.054867599804258066
2021-12-08 09:15:00,-0.043639000454770004
2021-12-09 09:15:00,-0.0387984311411934
2021-12-10 09:15:00,-0.03155091232522616
2021-12-13 09:15:00,-0.031710979472013595
2021-12-14 09:15:00,-0.03672333902041745
2021-12-15 09:15:00,-0.04007133834990086
2021-12-16 09:15:00,-0.04669484737816879
2021-12-17 09:15:00,-0.0626619685358661
2021-12-20 09:15:00,-0.08818808105834537
2021-12-21 09:15:00,-0.07574833463084893
2021-12-22 09:15:00,-0.06606203429967375
2021-12-23 09:15:00,-0.05824727058529681
2021-12-24 09:15:00,-0.06435347638349093
2021-12-27 09:15:00,-0.06009161042990255
2021-12-28 09:15:00,-0.046425067574076155
2021-12-29 09:15:00,-0.04470231156739574
2021-12-30 09:15:00,-0.0423650907771368
2021-12-31 09:15:00,-0.03435265278474216
2022-01-03 09:15:00,-0.023500969795958036
2022-01-04 09:15:00,-0.018449035913632606
2022-01-05 09:15:00,-0.016397721707409173
2022-01-06 09:15:00,-0.018451638612838273
2022-01-07 09:15:00,-0.015855676473863996
2022-01-10 09:15:00,-0.004842716045651022
2022-01-11 09:15:00,-0.0030810618538129136
2022-01-12 09:15:00,0.0
2022-01-13 09:15:00,0.0
2022-01-14 09:15:00,0.0
2022-01-17 09:15:00,0.0
2022-01-18 09:15:00,-0.016653734347833717
2022-01-19 09:15:00,-0.01577439824401418
2022-01-20 09:15:00,-0.018073450112838462
2022-01-21 09:15:00,-0.036894407250332245
2022-01-24 09:15:00,-0.07346931313938056
2022-01-25 09:15:00,-0.0643359629986054
2022-01-27 09:15:00,-0.07345063379150783
2022-01-28 09:15:00,-0.06574097777092759
2022-01-31 09:15:00,-0.05582108296159045
2022-02-01 09:15:00,-0.04687762510094529
2022-02-02 09:15:00,-0.031225883250130943
2022-02-03 09:15:00,-0.031057789075794415
2022-02-04 09:15:00,-0.03585702616549821
2022-02-07 09:15:00,-0.04083728491689271
2022-02-08 09:15:00,-0.04945829728044905
2022-02-09 09:15:00,-0.04378067559868038
2022-02-10 09:15:00,-0.04184104695234561
2022-02-11 09:15:00,-0.05712306469968079
2022-02-14 09:15:00,-0.09104501375373455
2022-02-15 09:15:00,-0.07343417315430945
2022-02-16 09:15:00,-0.07216106094822985
2022-02-17 09:15:00,-0.07745586243324043
2022-02-18 09:15:00,-0.08688065485870916
2022-02-21 09:15:00,-0.10243824780541155
2022-02-22 09:15:00,-0.11586947562475475
2022-02-23 09:15:00,-0.10643273780214402
2022-02-24 09:15:00,-0.15319482608628984
2022-02-25 09:15:00,-0.12012811349771049
2022-02-28 09:15:00,-0.11136049863211267
2022-03-02 09:15:00,-0.11039076565537083
2022-03-03 09:15:00,-0.10847443950379232
2022-03-04 09:15:00,-0.11916794143186882
2022-03-07 09:15:00,-0.1327616062993112
2022-03-08 09:15:00,-0.1203319987978373
2022-03-09 09:15:00,-0.10570090740107892
2022-03-10 09:15:00,-0.09950787997055963
2022-03-11 09:15:00,-0.08987461614489183
2022-03-14 09:15:00,-0.08357989190805025
2022-03-15 09:15:00,-0.09340758752296895
2022-03-16 09:15:00,-0.07978599814697955
2022-03-17 09:15:00,-0.07234118572427711
2022-03-21 09:15:00,-0.0734809520862958
2022-03-22 09:15:00,-0.07313742088385572
2022-03-23 09:15:00,-0.07481931558662455
2022-03-24 09:15:00,-0.07400833775282163
2022-03-25 09:15:00,-0.07662871725207662
2022-03-28 09:15:00,-0.08179221463198522
2022-03-29 09:15:00,-0.07417535473476738
2022-03-30 09:15:00,-0.06645754826431044
2022-03-31 09:15:00,-0.0657467522364618
2022-04-01 09:15:00,-0.05012213101365203
2022-04-04 09:15:00,-0.03125156169542311
2022-04-05 09:15:00,-0.019394521511172946
2022-04-06 09:15:00,-0.01788443640316602
2022-04-07 09:15:00,-0.0237782821091268
2022-04-08 09:15:00,-0.015611029768206311
2022-04-11 09:15:00,-0.007986024790635619
2022-04-12 09:15:00,-0.019977860540888848
2022-04-13 09:15:00,-0.01726783736043447
2022-04-18 09:15:00,-0.02405499859491966
2022-04-19 09:15:00,-0.03714645046682642
2022-04-20 09:15:00,-0.03358885371370964
2022-04-21 09:15:00,-0.018788257800023887
2022-04-22 09:15:00,-0.022768211878933065
2022-04-25 09:15:00,-0.03682793545369278
2022-04-26 09:15:00,-0.027147281516650332
2022-04-27 09:15:00,-0.03438180680641455
2022-04-28 09:15:00,-0.027051102852038475
2022-04-29 09:15:00,-0.03171871872773509
2022-05-02 09:15:00,-0.04016975397110966
2022-05-04 09:15:00,-0.061316080322701416
2022-05-05 09:15:00,-0.06190524822744766
2022-05-06 09:15:00,-0.0797807294829623
2022-05-09 09:15:00,-0.09077289678245001
2022-05-10 09:15:00,-0.10568736698472728
2022-05-11 09:15:00,-0.11397491916819745
2022-05-12 09:15:00,-0.12912150272156536
2022-05-13 09:15:00,-0.12095896720338468
2022-05-16 09:15:00,-0.10721739903704083
2022-05-17 09:15:00,-0.08569594645204051
2022-05-18 09:15:00,-0.08120315231914983
2022-05-19 09:15:00,-0.10335298424064172
2022-05-20 09:15:00,-0.08608663789016376
2022-05-23 09:15:00,-0.09008175387127486
2022-05-24 09:15:00,-0.09972055146955322
2022-05-25 09:15:00,-0.1217116718372482
2022-05-26 09:15:00,-0.11157617999650063
2022-05-27 09:15:00,-0.10051285795680255
2022-05-30 09:15:00,-0.0769344244533939
2022-05-31 09:15:00,-0.07540725860022482
2022-06-01 09:15:00,-0.07090279236003534
2022-06-02 09:15:00,-0.06413972181306046
2022-06-03 09:15:00,-0.07707998123005458
2022-06-06 09:15:00,-0.07968289252457227
2022-06-07 09:15:00,-0.08453828029903156
2022-06-08 09:15:00,-0.08777954199073142
2022-06-09 09:15:00,-0.08515528092215549
2022-06-10 09:15:00,-0.09149851799161103
2022-06-13 09:15:00,-0.11877833058480156
2022-06-14 09:15:00,-0.12122971355041781
2022-06-15 09:15:00,-0.1183384709046121
2022-06-16 09:15:00,-0.14035922868824918
2022-06-17 09:15:00,-0.15071845684227217
2022-06-20 09:15:00,-0.16939797317786978
2022-06-21 09:15:00,-0.14366611322822062
2022-06-22 09:15:00,-0.15489452695762748
2022-06-23 09:15:00,-0.1479269550687663
2022-06-24 09:15:00,-0.13694095149966418
2022-06-27 09:15:00,-0.1260028842647582
2022-06-28 09:15:00,-0.12384591877483882
2022-06-29 09:15:00,-0.12645600842002597
2022-06-30 09:15:00,-0.13214642646276412
2022-07-01 09:15:00,-0.12839948582803004
2022-07-04 09:15:00,-0.1234845437922988
2022-07-05 09:15:00,-0.12097083998375682
2022-07-06 09:15:00,-0.1068922615649881
2022-07-07 09:15:00,-0.09505282237779152
2022-07-08 09:15:00,-0.09062897260800269
2022-07-11 09:15:00,-0.08008288727210651
2022-07-12 09:15:00,-0.08397433454856722
2022-07-13 09:15:00,-0.08458401743878924
2022-07-14 09:15:00,-0.0880462367084733
2022-07-15 09:15:00,-0.08484365242976219
2022-07-18 09:15:00,-0.07250875716170078
2022-07-19 09:15:00,-0.06672472846004711
2022-07-20 09:15:00,-0.06256100130403956
2022-07-21 09:15:00,-0.0544573111178524
2022-07-22 09:15:00,-0.052125656502759216
2022-07-25 09:15:00,-0.05470181113559322
2022-07-26 09:15:00,-0.06510147215503066
2022-07-27 09:15:00,-0.05721228312047009
2022-07-28 09:15:00,-0.05197007323715876
2022-07-29 09:15:00,-0.03691530424298586
2022-08-01 09:15:00,-0.026614912004768114
2022-08-02 09:15:00,-0.027060509385175402
2022-08-03 09:15:00,-0.030250565152083315
2022-08-04 09:15:00,-0.02886218777865573
2022-08-05 09:15:00,-0.027005644427592963
2022-08-08 09:15:00,-0.023219458771767006
2022-08-10 09:15:00,-0.020713416134756992
2022-08-11 09:15:00,-0.014623578425011618
2022-08-12 09:15:00,-0.009620467714620873
2022-08-16 09:15:00,0.0
2022-08-17 09:15:00,0.0
2022-08-18 09:15:00,0.0
2022-08-19 09:15:00,-0.012470335449884367
2022-08-22 09:15:00,-0.026487567850029314
2022-08-23 09:15:00,-0.02052940148684675
2022-08-24 09:15:00,-0.01507598549361729
2022-08-25 09:15:00,-0.013141916529688082
2022-08-26 09:15:00,-0.007282910636589892
2022-08-29 09:15:00,-0.014974716753112712
2022-08-30 09:15:00,-0.0010001552363418623
2022-09-01 09:15:00,-0.001255074432914632
2022-09-02 09:15:00,-0.0019997508345304463
2022-09-05 09:15:00,0.0
2022-09-06 09:15:00,0.0
2022-09-07 09:15:00,0.0
2022-09-08 09:15:00,0.0
2022-09-09 09:15:00,0.0
2022-09-12 09:15:00,0.0
2022-09-13 09:15:00,0.0
2022-09-14 09:15:00,0.0
2022-09-15 09:15:00,-0.0022390775740144227
2022-09-16 09:15:00,-0.023313290427124645
2022-09-19 09:15:00,-0.02543020453288978
2022-09-20 09:15:00,-0.013562849579415583
2022-09-21 09:15:00,-0.01748088887051389
2022-09-22 09:15:00,-0.01776476002886166
2022-09-23 09:15:00,-0.03411452501284721
2022-09-26 09:15:00,-0.06001287814359975
2022-09-27 09:15:00,-0.05445030597181151
2022-09-28 09:15:00,-0.057522531121001697
2022-09-29 09:15:00,-0.051204914001465845
2022-09-30 09:15:00,-0.04064558103680223
2022-10-03 09:15:00,-0.04616371417190505
2022-10-04 09:15:00,-0.03180268757258299
2022-10-06 09:15:00,-0.02076095454765379
2022-10-07 09:15:00,-0.019558839290147404
2022-10-10 09:15:00,-0.02473538190278539
2022-10-11 09:15:00,-0.040026147051273483
2022-10-12 09:15:00,-0.034374496105786925
2022-10-13 09:15:00,-0.03742761537955659
2022-10-14 09:15:00,-0.036245998092470824
2022-10-17 09:15:00,-0.03310088772590302
2022-10-18 09:15:00,-0.02576035900320951
2022-10-19 09:15:00,-0.025961520090208693
2022-10-20 09:15:00,-0.024133461752155742
2022-10-21 09:15:00,-0.027322467350462194
2022-10-24 18:15:00,-0.02045418727440915
2022-10-25 09:15:00,-0.020195618957997097
2022-10-27 09:15:00,-0.014734206078713952
2022-10-28 09:15:00,-0.019871793542742048
2022-10-31 09:15:00,-0.010650428246744522
2022-11-01 09:15:00,-0.0067482644618318205
2022-11-02 09:15:00,-0.004282840735035772
2022-11-03 09:15:00,-0.004068385041730839
2022-11-04 09:15:00,-0.0005951504457017774
2022-11-07 09:15:00,0.0
2022-11-09 09:15:00,-0.004223031384806508
2022-11-10 09:15:00,-0.012036908433060723
2022-11-11 09:15:00,-0.007289234632391886
2022-11-14 09:15:00,-0.003555287521665734
2022-11-15 09:15:00,-0.002344234707992564
2022-11-16 09:15:00,-0.0033888511266765044
2022-11-17 09:15:00,-0.005804949148523979
2022-11-18 09:15:00,-0.013196017919972053
2022-11-21 09:15:00,-0.010703923901854116
2022-11-22 09:15:00,-0.006246985340278836
2022-11-23 09:15:00,-0.0012074960979939842
2022-11-24 09:15:00,0.0
2022-11-25 09:15:00,0.0
2022-11-28 09:15:00,0.0
2022-11-29 09:15:00,-0.0005408566514089053
2022-11-30 09:15:00,0.0
2022-12-01 09:15:00,0.0
2022-12-02 09:15:00,0.0
2022-12-05 09:15:00,-0.000212193133630692
2022-12-06 09:15:00,-0.006443188776902734
2022-12-07 09:15:00,-0.0075818583133110224
2022-12-08 09:15:00,-0.0035161709276983807
2022-12-09 09:15:00,-0.013270173791348877
2022-12-12 09:15:00,-0.010189915690703526
2022-12-13 09:15:00,-0.004294234873128326
2022-12-14 09:15:00,0.0
2022-12-15 09:15:00,-0.0029435528667959023
2022-12-16 09:15:00,-0.012817442561729545
2022-12-19 09:15:00,-0.006971016729707454
2022-12-20 09:15:00,-0.008177209806463363
2022-12-21 09:15:00,-0.025898976000539593
2022-12-22 09:15:00,-0.041495925794753856
2022-12-23 09:15:00,-0.07927758114566383
2022-12-26 09:15:00,-0.05273264049248811
2022-12-27 09:15:00,-0.04156372515131544
2022-12-28 09:15:00,-0.03605927617763614
2022-12-29 09:15:00,-0.033576594625070635
2022-12-30 09:15:00,-0.02959958415534837
2023-01-02 09:15:00,-0.020981667558466536
2023-01-03 09:15:00,-0.020096658427978253
2023-01-04 09:15:00,-0.029611095364639704
2023-01-05 09:15:00,-0.026603015561636224
2023-01-06 09:15:00,-0.03217762207126584
2023-01-09 09:15:00,-0.02668225203535802
2023-01-10 09:15:00,-0.030607737570696618
2023-01-11 09:15:00,-0.03304858552052937
2023-01-12 09:15:00,-0.031629694923340605
2023-01-13 09:15:00,-0.030886526135395883
2023-01-16 09:15:00,-0.031938769062048525
2023-01-17 09:15:00,-0.03328054320998281
2023-01-18 09:15:00,-0.03163385574634447
2023-01-19 09:15:00,-0.03339875773960156
2023-01-20 09:15:00,-0.03863546949173607
2023-01-23 09:15:00,-0.038398633266944524
2023-01-24 09:15:00,-0.0424542402625447
2023-01-25 09:15:00,-0.05431607278700787
2023-01-27 09:15:00,-0.07128587553049028
2023-01-30 09:15:00,-0.07479152221529867
2023-01-31 09:15:00,-0.056996526052561135
2023-02-01 09:15:00,-0.06724314415986071
2023-02-02 09:15:00,-0.06563766252417227
2023-02-03 09:15:00,-0.07038140075687092
2023-02-06 09:15:00,-0.06706676264601444
2023-02-07 09:15:00,-0.0691000671817637
2023-02-08 09:15:00,-0.06008886315603633
2023-02-09 09:15:00,-0.05890467756168546
2023-02-10 09:15:00,-0.05730715737790245
2023-02-13 09:15:00,-0.07171928281854505
2023-02-14 09:15:00,-0.07326908610606499
2023-02-15 09:15:00,-0.06722791338287686
2023-02-16 09:15:00,-0.06064937382043119
2023-02-17 09:15:00,-0.06197423440156672
2023-02-20 09:15:00,-0.06254528339262065
2023-02-21 09:15:00,-0.06541138283291609
2023-02-22 09:15:00,-0.07788565758931046
2023-02-23 09:15:00,-0.0759809883982596
2023-02-24 09:15:00,-0.07558989519281273
2023-02-27 09:15:00,-0.08502364755399626
2023-02-28 09:15:00,-0.0816201844551233
2023-03-01 09:15:00,-0.06905621753035077
2023-03-02 09:15:00,-0.06953404051596652
2023-03-03 09:15:00,-0.0644232691873377
2023-03-06 09:15:00,-0.05750868471503925
2023-03-08 09:15:00,-0.055467759716204774
2023-03-09 09:15:00,-0.059595468383094014
2023-03-10 09:15:00,-0.06483862378890012
2023-03-13 09:15:00,-0.08033480778936669
2023-03-14 09:15:00,-0.08525062070183223
2023-03-15 09:15:00,-0.08397330962212624
2023-03-16 09:15:00,-0.08794821974491143
2023-03-17 09:15:00,-0.08314189076132732
2023-03-20 09:15:00,-0.09031019520660202
2023-03-21 09:15:00,-0.08797487794791391
2023-03-22 09:15:00,-0.08489280041169388
2023-03-23 09:15:00,-0.0879576567106959
2023-03-24 09:15:00,-0.09858307947149943
2023-03-27 09:15:00,-0.10619647461163645
2023-03-28 09:15:00,-0.11092562146804096
2023-03-29 09:15:00,-0.09604969160647997
2023-03-31 09:15:00,-0.08450771248865284
2023-04-03 09:15:00,-0.07558005448828849
2023-04-05 09:15:00,-0.06696036765654557
2023-04-06 09:15:00,-0.06444082485437427
2023-04-10 09:15:00,-0.05963227729834871
2023-04-11 09:15:00,-0.054499961069331165
2023-04-12 09:15:00,-0.046136245552687014
2023-04-13 09:15:00,-0.04037438248208841
2023-04-17 09:15:00,-0.03996007447405809
2023-04-18 09:15:00,-0.03708127771465548
2023-04-19 09:15:00,-0.03644026151999988
2023-04-20 09:15:00,-0.036804789039694585
2023-04-21 09:15:00,-0.040606223064552374
2023-04-24 09:15:00,-0.03616415334560039
2023-04-25 09:15:00,-0.035117796891276705
2023-04-26 09:15:00,-0.02719560182650661
2023-04-27 09:15:00,-0.02275200178593635
2023-04-28 09:15:00,-0.013006646476135362
2023-05-02 09:15:00,-0.006976902285890676
2023-05-03 09:15:00,-0.0008918792377629947
2023-05-04 09:15:00,0.0
2023-05-05 09:15:00,-0.007229191063213019
2023-05-08 09:15:00,-0.0011350986975880095
2023-05-09 09:15:00,-0.003920491364065518
2023-05-10 09:15:00,0.0
2023-05-11 09:15:00,0.0
2023-05-12 09:15:00,-0.0024670562085746684
2023-05-15 09:15:00,0.0
2023-05-16 09:15:00,0.0
2023-05-17 09:15:00,0.0
2023-05-18 09:15:00,-0.003935764145560413
2023-05-19 09:15:00,-0.006228368989209285
2023-05-22 09:15:00,-0.002166076947242044
2023-05-23 09:15:00,-0.0023774254284833866
2023-05-24 09:15:00,0.0
2023-05-25 09:15:00,0.0
2023-05-26 09:15:00,0.0
2023-05-29 09:15:00,0.0
2023-05-30 09:15:00,-0.00048009696704568
2023-05-31 09:15:00,0.0
2023-06-01 09:15:00,0.0
2023-06-02 09:15:00,0.0
2023-06-05 09:15:00,0.0
2023-06-06 09:15:00,0.0
2023-06-07 09:15:00,0.0
2023-06-08 09:15:00,-0.005305583577136104
2023-06-09 09:15:00,-0.009344625253554208
2023-06-12 09:15:00,-0.0017891977726175352
2023-06-13 09:15:00,0.0
2023-06-14 09:15:00,0.0
2023-06-15 09:15:00,0.0
2023-06-16 09:15:00,0.0
2023-06-19 09:15:00,0.0
2023-06-20 09:15:00,0.0
2023-06-21 09:15:00,-0.000632913532493639
2023-06-22 09:15:00,-0.00903159568810816
2023-06-23 09:15:00,-0.019475711519274574
2023-06-26 09:15:00,-0.010553739143027306
2023-06-27 09:15:00,-0.003933823123079336
2023-06-28 09:15:00,-0.0038983084487411905
2023-06-30 09:15:00,0.0
2023-07-03 09:15:00,0.0
2023-07-04 09:15:00,-0.0026200925979355297
2023-07-05 09:15:00,0.0
2023-07-06 09:15:00,0.0
2023-07-07 09:15:00,-0.004659657286772101
2023-07-10 09:15:00,-0.010029605854187199
2023-07-11 09:15:00,-0.0007698850031998729
2023-07-12 09:15:00,-0.0013472828065835924
2023-07-13 09:15:00,-0.005914910274307733
2023-07-14 09:15:00,0.0
2023-07-17 09:15:00,0.0
2023-07-18 09:15:00,-0.002113413042710956
2023-07-19 09:15:00,0.0
2023-07-20 09:15:00,0.0
2023-07-21 09:15:00,-0.003144130992051811
2023-07-24 09:15:00,-0.0014704549544262702
2023-07-25 09:15:00,0.0
2023-07-26 09:15:00,0.0
2023-07-27 09:15:00,0.0
2023-07-28 09:15:00,0.0
2023-07-31 09:15:00,0.0
2023-08-01 09:15:00,0.0
2023-08-02 09:15:00,-0.011343995595170022
2023-08-03 09:15:00,-0.010378872713694429
2023-08-04 09:15:00,-0.005065815322935984
2023-08-07 09:15:00,0.0
2023-08-08 09:15:00,0.0
2023-08-09 09:15:00,0.0
2023-08-10 09:15:00,-0.005590428969465748
2023-08-11 09:15:00,-0.005530075134465496
2023-08-14 09:15:00,-0.011371896076789534
2023-08-16 09:15:00,-0.00655815061094973
2023-08-17 09:15:00,-0.0022626684498763565
2023-08-18 09:15:00,-0.004738455453630639
2023-08-21 09:15:00,0.0
2023-08-22 09:15:00,0.0
2023-08-23 09:15:00,0.0
2023-08-24 09:15:00,0.0
2023-08-25 09:15:00,-0.006379165161568879
2023-08-28 09:15:00,-0.0026242867034969174
2023-08-29 09:15:00,0.0
2023-08-30 09:15:00,0.0
2023-08-31 09:15:00,0.0
2023-09-01 09:15:00,0.0
2023-09-04 09:15:00,0.0
2023-09-05 09:15:00,0.0
2023-09-06 09:15:00,0.0
2023-09-07 09:15:00,0.0
2023-09-08 09:15:00,0.0
2023-09-11 09:15:00,0.0
2023-09-12 09:15:00,-0.032218758910291634
2023-09-13 09:15:00,-0.02421445802455628
2023-09-14 09:15:00,-0.015741130457616784
2023-09-15 09:15:00,-0.009679454110098398
2023-09-18 09:15:00,-0.015034114904845346
2023-09-20 09:15:00,-0.02208582070874246
2023-09-21 09:15:00,-0.031709515215810544
2023-09-22 09:15:00,-0.03297289323775887
2023-09-25 09:15:00,-0.029349159781298737
2023-09-26 09:15:00,-0.02692798429329179
2023-09-27 09:15:00,-0.020533509320462467
2023-09-28 09:15:00,-0.027943912478749743
2023-09-29 09:15:00,-0.01616310887285223
2023-10-03 09:15:00,-0.014817140611505027
2023-10-04 09:15:00,-0.023272931100738695
2023-10-05 09:15:00,-0.022262860887313135
2023-10-06 09:15:00,-0.014090228243904632
2023-10-09 09:15:00,-0.02881384906816045
2023-10-10 09:15:00,-0.013613087002721371
2023-10-11 09:15:00,-0.007177569702183624
2023-10-12 09:15:00,-0.004550882042158763
2023-10-13 09:15:00,-0.005926026710948516
2023-10-16 09:15:00,-0.002128671573248081
2023-10-17 09:15:00,0.0
2023-10-18 09:15:00,-0.006231473317093169
2023-10-19 09:15:00,-0.005684661302796799
2023-10-20 09:15:00,-0.01690350260079157
2023-10-23 09:15:00,-0.047170554964268946
2023-10-25 09:15:00,-0.05399297010864366
2023-10-26 09:15:00,-0.059143276274947455
2023-10-27 09:15:00,-0.04363664028787984
2023-10-30 09:15:00,-0.042901252811358356
2023-10-31 09:15:00,-0.039770230785377586
2023-11-01 09:15:00,-0.040836213670543964
2023-11-02 09:15:00,-0.03341952423055564
2023-11-03 09:15:00,-0.027945493117669612
2023-11-06 09:15:00,-0.01752284477016611
2023-11-07 09:15:00,-0.017569334929023996
2023-11-08 09:15:00,-0.01041422781085218
2023-11-09 09:15:00,-0.01455026667142265
2023-11-10 09:15:00,-0.011425002497992562
2023-11-12 18:15:00,-0.0031743798174714705
2023-11-13 09:15:00,-0.004884404846870666
2023-11-15 09:15:00,0.0
2023-11-16 09:15:00,0.0
2023-11-17 09:15:00,0.0
2023-11-20 09:15:00,0.0
2023-11-21 09:15:00,0.0
2023-11-22 09:15:00,-0.002781535616523687
2023-11-23 09:15:00,0.0
2023-11-24 09:15:00,0.0
2023-11-28 09:15:00,0.0
2023-11-29 09:15:00,0.0
2023-11-30 09:15:00,0.0
2023-12-01 09:15:00,0.0
2023-12-04 09:15:00,0.0
2023-12-05 09:15:00,0.0
2023-12-06 09:15:00,0.0
2023-12-07 09:15:00,0.0
2023-12-08 09:15:00,-0.0037785154344159924
2023-12-11 09:15:00,0.0
2023-12-12 09:15:00,-0.0009912692310865875
2023-12-13 09:15:00,0.0
2023-12-14 09:15:00,0.0
2023-12-15 09:15:00,0.0
2023-12-18 09:15:00,0.0
2023-12-19 09:15:00,0.0
2023-12-20 09:15:00,-0.0302161036544924
2023-12-21 09:15:00,-0.013976281636110728
2023-12-22 09:15:00,-0.0032903993964365783
2023-12-26 09:15:00,0.0
2023-12-27 09:15:00,0.0
2023-12-28 09:15:00,0.0
2023-12-29 09:15:00,0.0
2024-01-01 09:15:00,0.0
2024-01-02 09:15:00,0.0
2024-01-03 09:15:00,-0.00015384078260136246
2024-01-04 09:15:00,0.0
2024-01-05 09:15:00,0.0
2024-01-08 09:15:00,-0.008142943311119038
2024-01-09 09:15:00,-0.0034535364373411495
2024-01-10 09:15:00,-0.001770328673363194
2024-01-11 09:15:00,0.0
2024-01-12 09:15:00,0.0
2024-01-15 09:15:00,0.0
2024-01-16 09:15:00,-0.003905287165238533
2024-01-17 09:15:00,-0.014078723544067051
2024-01-18 09:15:00,-0.017001070589876852
2024-01-19 09:15:00,-0.004281991192909385
2024-01-20 09:15:00,-0.0029120431381319755
2024-01-23 09:15:00,-0.02705621382318155
2024-01-24 09:15:00,-0.01073340199198526
2024-01-25 09:15:00,-0.009341266897303722
2024-01-29 09:15:00,-0.0006945760829497405
2024-01-30 09:15:00,-0.0026119504547221736
2024-01-31 09:15:00,0.0
2024-02-01 09:15:00,0.0
2024-02-02 09:15:00,0.0
2024-02-05 09:15:00,0.0
2024-02-06 09:15:00,0.0
2024-02-07 09:15:00,0.0
2024-02-08 09:15:00,-0.0035752280971430646
2024-02-09 09:15:00,-0.011754108313340554
2024-02-12 09:15:00,-0.03280956992971136
2024-02-13 09:15:00,-0.03101999678358016
2024-02-14 09:15:00,-0.025308259107282936
2024-02-15 09:15:00,-0.016642285123274137
2024-02-16 09:15:00,-0.01097345351345478
2024-02-19 09:15:00,-0.004799262334834996
2024-02-20 09:15:00,-0.005492312503806114
2024-02-21 09:15:00,-0.011421965294001968
2024-02-22 09:15:00,-0.003292224324586801
2024-02-23 09:15:00,0.0
2024-02-26 09:15:00,-0.002688299524756348
2024-02-27 09:15:00,-0.004794722733348717
2024-02-28 09:15:00,-0.018787658571512853
2024-02-29 09:15:00,-0.011621021760229224
2024-03-01 09:15:00,-0.00437573172330891
2024-03-02 09:15:00,0.0
2024-03-04 09:15:00,-0.001448591600447753
2024-03-05 09:15:00,-0.003983058622054527
2024-03-06 09:15:00,-0.01340010899467267
2024-03-07 09:15:00,-0.007133324227507122
2024-03-11 09:15:00,-0.018807536059985794
2024-03-12 09:15:00,-0.03632913102698283
2024-03-13 09:15:00,-0.07400788206124038
2024-03-14 09:15:00,-0.0483253594259657
2024-03-15 09:15:00,-0.045711663791660986
2024-03-18 09:15:00,-0.04612719743808225
2024-03-19 09:15:00,-0.05896894683654028
2024-03-20 09:15:00,-0.06146078159679026
2024-03-21 09:15:00,-0.044818780977716806
2024-03-22 09:15:00,-0.040668221204701836
2024-03-26 09:15:00,-0.038564140498031044
2024-03-27 09:15:00,-0.03741279387292811
2024-03-28 09:15:00,-0.03321606744042724
2024-04-01 09:15:00,-0.012898066695842467
2024-04-02 09:15:00,-0.004046676092857501
2024-04-03 09:15:00,0.0
2024-04-04 09:15:00,0.0
2024-04-05 09:15:00,0.0
2024-04-08 09:15:00,0.0
2024-04-09 09:15:00,-0.00016698088023859827
2024-04-10 09:15:00,0.0
2024-04-12 09:15:00,-0.005230426517552212
2024-04-15 09:15:00,-0.017256842311837217
2024-04-16 09:15:00,-0.014813066065283115
2024-04-18 09:15:00,-0.01751350674843384
2024-04-19 09:15:00,-0.01860433979947902
2024-04-22 09:15:00,-0.008004422491550476
2024-04-23 09:15:00,-0.0018703790913304542
2024-04-24 09:15:00,0.0
2024-04-25 09:15:00,0.0
2024-04-26 09:15:00,0.0
2024-04-29 09:15:00,-0.0003551990069990757
2024-04-30 09:15:00,-0.0012332080322787692
2024-05-02 09:15:00,0.0
2024-05-03 09:15:00,-0.002389412764161081
2024-05-06 09:15:00,-0.009448617759972215
2024-05-07 09:15:00,-0.021202837116831377
2024-05-08 09:15:00,-0.015799929979419605
2024-05-09 09:15:00,-0.03710657097620148
2024-05-10 09:15:00,-0.03058023332921374
2024-05-13 09:15:00,-0.028946389563735127
2024-05-14 09:15:00,-0.01586401443667144
2024-05-15 09:15:00,-0.010871401625675226
2024-05-16 09:15:00,-0.0032508609164928763
2024-05-17 09:15:00,0.0
2024-05-18 09:15:00,0.0
2024-05-21 09:15:00,0.0
2024-05-22 09:15:00,0.0
2024-05-23 09:15:00,0.0
2024-05-24 09:15:00,-0.00179893587617242
2024-05-27 09:15:00,-0.0009376726837389056
2024-05-28 09:15:00,-0.006405130709277847
2024-05-29 09:15:00,-0.002497203655701703
2024-05-30 09:15:00,-0.015561790810595518
2024-05-31 09:15:00,-0.01108413894795871
2024-06-03 09:15:00,0.0
2024-06-04 09:15:00,-0.05881433012816482
2024-06-05 09:15:00,-0.029200260096257993
2024-06-06 09:15:00,-0.005607732568106341
2024-06-07 09:15:00,0.0
2024-06-10 09:15:00,0.0
2024-06-11 09:15:00,0.0
2024-06-12 09:15:00,0.0
2024-06-13 09:15:00,0.0
2024-06-14 09:15:00,0.0
2024-06-18 09:15:00,0.0
2024-06-19 09:15:00,-0.0025269198729043416
2024-06-20 09:15:00,0.0
2024-06-21 09:15:00,-0.002942934146022216
2024-06-24 09:15:00,-0.003155671613036568
2024-06-25 09:15:00,-0.0031699604315325665
2024-06-26 09:15:00,-0.004066252898496142
2024-06-27 09:15:00,-0.007743734295749354
2024-06-28 09:15:00,-0.005906202250420737
2024-07-01 09:15:00,0.0
2024-07-02 09:15:00,0.0
2024-07-03 09:15:00,0.0
2024-07-04 09:15:00,0.0
2024-07-05 09:15:00,0.0
2024-07-08 09:15:00,0.0
2024-07-09 09:15:00,0.0
2024-07-10 09:15:00,-0.006954000008916796
2024-07-11 09:15:00,-3.535689324717213e-05
2024-07-12 09:15:00,-5.757491289606861e-05
2024-07-15 09:15:00,0.0
2024-07-16 09:15:00,-0.00034376791577084086
2024-07-18 09:15:00,-0.00870492989184265
2024-07-19 09:15:00,-0.029785724755574047
2024-07-22 09:15:00,-0.020394148722798558
2024-07-23 09:15:00,-0.02701846515291605
2024-07-24 09:15:00,-0.017496932440303554
2024-07-25 09:15:00,-0.01733919676144264
2024-07-26 09:15:00,-0.007173142619519713
2024-07-29 09:15:00,0.0
2024-07-30 09:15:00,0.0
2024-07-31 09:15:00,0.0
2024-08-01 09:15:00,-0.0035779636843168484
2024-08-02 09:15:00,-0.013875624801797461
2024-08-05 09:15:00,-0.04535744278319364
2024-08-06 09:15:00,-0.04589569198156509
2024-08-07 09:15:00,-0.02749048060676122
2024-08-08 09:15:00,-0.031764173145117425
2024-08-09 09:15:00,-0.027526608344451062
2024-08-12 09:15:00,-0.025220212445050634
2024-08-13 09:15:00,-0.035580540445102164
2024-08-14 09:15:00,-0.04197502572598731
2024-08-16 09:15:00,-0.027068656454372536
2024-08-19 09:15:00,-0.01795375037830842
2024-08-20 09:15:00,-0.01231606242646364
2024-08-21 09:15:00,-0.003728275793424452
2024-08-22 09:15:00,-0.003407692229752253
2024-08-23 09:15:00,-0.0015729115524731503
2024-08-26 09:15:00,0.0
2024-08-27 09:15:00,0.0
2024-08-28 09:15:00,0.0
2024-08-29 09:15:00,-0.0029767496131747153
2024-08-30 09:15:00,0.0
2024-09-02 09:15:00,0.0
2024-09-03 09:15:00,0.0
2024-09-04 09:15:00,-0.002335239473136266
2024-09-05 09:15:00,0.0
2024-09-06 09:15:00,-0.009260519595666159
2024-09-09 09:15:00,-0.012258173899550938
2024-09-10 09:15:00,-0.0029358186310576894
2024-09-11 09:15:00,-0.009573647023597044
2024-09-12 09:15:00,-0.002280309390283573
2024-09-13 09:15:00,0.0
2024-09-16 09:15:00,0.0
2024-09-17 09:15:00,-0.002606651507826982
2024-09-18 09:15:00,-0.0064746330770792644
2024-09-19 09:15:00,-0.013916719178692756
2024-09-20 09:15:00,-0.005029919940897704
2024-09-23 09:15:00,0.0
2024-09-24 09:15:00,0.0
2024-09-25 09:15:00,-0.004804689268757525
2024-09-26 09:15:00,-0.005665919578522335
2024-09-27 09:15:00,-0.004732157433875767
2024-09-30 09:15:00,-0.005731657051218182
2024-10-01 09:15:00,-0.0017104391840445795
2024-10-03 09:15:00,-0.02027012234328994
2024-10-04 09:15:00,-0.028117162979753075
2024-10-07 09:15:00,-0.05233525662839386
2024-10-08 09:15:00,-0.031647328334326985
2024-10-09 09:15:00,-0.019363395142060386
2024-10-10 09:15:00,-0.01750187487090539
2024-10-11 09:15:00,-0.016092796003462743
2024-10-14 09:15:00,-0.014647335323507576
2024-10-15 09:15:00,-0.010984123659606396
2024-10-16 09:15:00,-0.008658589392528193
2024-10-17 09:15:00,-0.023030931151565022
2024-10-18 09:15:00,-0.026547212282869156
2024-10-21 09:15:00,-0.03993190016962982
2024-10-22 09:15:00,-0.06543000980377416
2024-10-23 09:15:00,-0.05788761938936995
2024-10-24 09:15:00,-0.06390981508523705
2024-10-25 09:15:00,-0.08347571362339583
2024-10-28 09:15:00,-0.07673265626916496
2024-10-29 09:15:00,-0.06843854749994392
2024-10-30 09:15:00,-0.061599106487068254
2024-10-31 09:15:00,-0.05580709960228653
2024-11-01 18:00:00,-0.050847468260064775
2024-11-04 09:15:00,-0.06257651622596185
2024-11-05 09:15:00,-0.05758586800451222
2024-11-06 09:15:00,-0.036732364256473485
2024-11-07 09:15:00,-0.04356167486823498
2024-11-08 09:15:00,-0.0575350245605568
2024-11-11 09:15:00,-0.06467248237316875
2024-11-12 09:15:00,-0.07633546699966755
2024-11-13 09:15:00,-0.09956345386091335
2024-11-14 09:15:00,-0.09599098918159055
2024-11-18 09:15:00,-0.10015997669763246
2024-11-19 09:15:00,-0.09296257529890903
2024-11-21 09:15:00,-0.09900714882414968
2024-11-22 09:15:00,-0.08654474341289006
2024-11-25 09:15:00,-0.0677854052442894
2024-11-26 09:15:00,-0.06680884380184093
2024-11-27 09:15:00,-0.060180026780211685
2024-11-28 09:15:00,-0.059593170385715453
2024-11-29 09:15:00,-0.05385694254901146
2024-12-02 09:15:00,-0.04798734717101306
2024-12-03 09:15:00,-0.03929738943201167
2024-12-04 09:15:00,-0.031216132673510907
2024-12-05 09:15:00,-0.029784164047900984
2024-12-06 09:15:00,-0.026158446079181476
2024-12-09 09:15:00,-0.02703000171357497
2024-12-10 09:15:00,-0.022324397265716955
2024-12-11 09:15:00,-0.01880074177726573
2024-12-12 09:15:00,-0.024651596452851286
2024-12-13 09:15:00,-0.02488641942192001
2024-12-16 09:15:00,-0.020795288392207237
2024-12-17 09:15:00,-0.029298270352606334
2024-12-18 09:15:00,-0.03525789569468444
2024-12-19 09:15:00,-0.039530395408230674
2024-12-20 09:15:00,-0.05663321450101408
2024-12-23 09:15:00,-0.06047457247610595
2024-12-24 09:15:00,-0.05737618420023207
2024-12-26 09:15:00,-0.05812052922924208
2024-12-27 09:15:00,-0.05682062027002488
2024-12-30 09:15:00,-0.0629421662986111
2024-12-31 09:15:00,-0.0572951347409803
2025-01-01 09:15:00,-0.05436607011896189
2025-01-02 09:15:00,-0.047155152723798006
2025-01-03 09:15:00,-0.0489540848414146
2025-01-06 09:15:00,-0.07187422738238473
2025-01-07 09:15:00,-0.0640493567621993
2025-01-08 09:15:00,-0.07464848815772222
2025-01-09 09:15:00,-0.08010098459241043
2025-01-10 09:15:00,-0.09578712450859092
2025-01-13 09:15:00,-0.12687583474222225
2025-01-14 09:15:00,-0.11458615771558962
2025-01-15 09:15:00,-0.10993135351421963
2025-01-16 09:15:00,-0.1003358901402679
2025-01-17 09:15:00,-0.09605367579864343
2025-01-20 09:15:00,-0.08920892604213052
2025-01-21 09:15:00,-0.1082182249402297
2025-01-22 09:15:00,-0.11736970483241646
2025-01-23 09:15:00,-0.1092615253017694
2025-01-24 09:15:00,-0.1269500411875567
2025-01-27 09:15:00,-0.1473201940057222
2025-01-28 09:15:00,-0.1553793032299023
2025-01-29 09:15:00,-0.1361160877922255
2025-01-30 09:15:00,-0.13383275001953546
2025-01-31 09:15:00,-0.1197024135992987
2025-02-01 09:15:00,-0.11921973999400223
2025-02-03 09:15:00,-0.1308666210344384
2025-02-04 09:15:00,-0.12222943601631062
2025-02-05 09:15:00,-0.11450607728920635
2025-02-06 09:15:00,-0.1167459606237055
2025-02-07 09:15:00,-0.11715815182664038
2025-02-10 09:15:00,-0.13140342844014652
2025-02-11 09:15:00,-0.15445411096917933
2025-02-12 09:15:00,-0.15877437907648084
2025-02-13 09:15:00,-0.15942719608843675
2025-02-14 09:15:00,-0.17911471271330173
2025-02-17 09:15:00,-0.17721840913572834
2025-02-18 09:15:00,-0.18208817590870677
2025-02-19 09:15:00,-0.17395262349832127
2025-02-20 09:15:00,-0.1658982325666714
2025-02-21 09:15:00,-0.17310989204211466
2025-02-24 09:15:00,-0.17891467642560843
2025-02-25 09:15:00,-0.18363836101398212
2025-02-27 09:15:00,-0.19266863649735766
2025-02-28 09:15:00,-0.21060435366043767
2025-03-03 09:15:00,-0.21323433009746284
2025-03-04 09:15:00,-0.2071961424372859
2025-03-05 09:15:00,-0.18614736766980589
2025-03-06 09:15:00,-0.1759344938191971
2025-03-07 09:15:00,-0.17405364774246734
2025-03-10 09:15:00,-0.18722418967043933
2025-03-11 09:15:00,-0.18781714378217404
2025-03-12 09:15:00,-0.1907301780209132
2025-03-13 09:15:00,-0.19333335859788256
2025-03-17 09:15:00,-0.19034837177456296
2025-03-18 09:15:00,-0.1736877773633954
2025-03-19 09:15:00,-0.15973325822634984
2025-03-20 09:15:00,-0.15504938717460162
2025-03-21 09:15:00,-0.14240538991550875
2025-03-24 09:15:00,-0.1320430873454929
2025-03-25 09:15:00,-0.1424741173796355
2025-03-26 09:15:00,-0.15151289423316314
2025-03-27 09:15:00,-0.14235917704689321
2025-03-28 09:15:00,-0.147088544860344
2025-04-01 09:15:00,-0.14895375638335012
2025-04-02 09:15:00,-0.14644627543249522
