,equity
2019-10-24 09:15:00,200000.0
2019-10-25 09:15:00,201720.91881144006
2019-10-27 18:00:00,201748.91881144006
2019-10-29 09:15:00,203843.00248432008
2019-10-30 09:15:00,204614.55415241016
2019-10-31 09:15:00,205883.2243022979
2019-11-01 09:15:00,206325.67078313237
2019-11-04 09:15:00,207357.1701619867
2019-11-05 09:15:00,205447.63639838574
2019-11-06 09:15:00,204941.93379347445
2019-11-07 09:15:00,205510.58177689058
2019-11-08 09:15:00,203473.03309638778
2019-11-11 09:15:00,204879.2176185353
2019-11-13 09:15:00,203488.26151609706
2019-11-14 09:15:00,203161.1179044032
2019-11-15 09:15:00,203054.89708042715
2019-11-18 09:15:00,204096.2119803521
2019-11-19 09:15:00,204326.50187598722
2019-11-20 09:15:00,204284.20155591637
2019-11-21 09:15:00,203723.23576047624
2019-11-22 09:15:00,203613.43117188523
2019-11-25 09:15:00,205578.74349160312
2019-11-26 09:15:00,205071.99521160565
2019-11-27 09:15:00,205922.1428305247
2019-11-28 09:15:00,206368.30864081698
2019-11-29 09:15:00,207124.99041935225
2019-12-02 09:15:00,206216.0634566099
2019-12-03 09:15:00,204497.7225969691
2019-12-04 09:15:00,205686.31420418675
2019-12-05 09:15:00,204594.63543115172
2019-12-06 09:15:00,202746.66227493444
2019-12-09 09:15:00,202723.14270792695
2019-12-10 09:15:00,200635.7890819441
2019-12-11 09:15:00,200495.80956708646
2019-12-12 09:15:00,202375.67489836138
2019-12-13 09:15:00,204315.7515677959
2019-12-16 09:15:00,203727.01927575437
2019-12-17 09:15:00,206108.96914119326
2019-12-18 09:15:00,206490.1032576318
2019-12-19 09:15:00,207259.79552956074
2019-12-20 09:15:00,207695.96238007402
2019-12-23 09:15:00,207711.369171069
2019-12-24 09:15:00,207151.93218602127
2019-12-26 09:15:00,207354.04803557927
2019-12-27 09:15:00,208285.07641535046
2019-12-30 09:15:00,208798.454610779
2019-12-31 09:15:00,209235.96253904636
2020-01-01 09:15:00,210415.66512492596
2020-01-02 09:15:00,214052.3389236913
2020-01-03 09:15:00,214338.36449817583
2020-01-06 09:15:00,210127.02630884526
2020-01-07 09:15:00,212615.995597649
2020-01-08 09:15:00,212547.88255389265
2020-01-09 09:15:00,216006.2828434201
2020-01-10 09:15:00,216841.06521647435
2020-01-13 09:15:00,218613.8032419304
2020-01-14 09:15:00,220351.52349522963
2020-01-15 09:15:00,221897.52097034527
2020-01-16 09:15:00,223147.23579356007
2020-01-17 09:15:00,223326.15698724022
2020-01-20 09:15:00,222105.3543955891
2020-01-21 09:15:00,220851.09916131507
2020-01-22 09:15:00,221629.51474812272
2020-01-23 09:15:00,223922.945022954
2020-01-24 09:15:00,225436.12528632654
2020-01-27 09:15:00,225323.78064140174
2020-01-28 09:15:00,223697.13367051614
2020-01-29 09:15:00,223633.2385237902
2020-01-30 09:15:00,220732.62942068724
2020-01-31 09:15:00,219457.54763495727
2020-02-01 09:15:00,213409.3265293491
2020-02-03 09:15:00,213457.32249176936
2020-02-04 09:15:00,215972.26555794931
2020-02-05 09:15:00,217967.3237089864
2020-02-06 09:15:00,219340.94572268656
2020-02-07 09:15:00,219716.7774291603
2020-02-10 09:15:00,217470.77996496082
2020-02-11 09:15:00,217010.32646706552
2020-02-12 09:15:00,216228.45667714335
2020-02-13 09:15:00,215076.4384303003
2020-02-14 09:15:00,212462.2849610704
2020-02-17 09:15:00,209497.64147256187
2020-02-18 09:15:00,208713.71628067477
2020-02-19 09:15:00,211786.09750045903
2020-02-20 09:15:00,211677.39046640834
2020-02-24 09:15:00,207367.91825330103
2020-02-25 09:15:00,206243.15771596922
2020-02-26 09:15:00,203497.33473982266
2020-02-27 09:15:00,201378.93813678826
2020-02-28 09:15:00,193405.6406222838
2020-03-02 09:15:00,193545.31897436196
2020-03-03 09:15:00,197271.3149593919
2020-03-04 09:15:00,195737.77811384044
2020-03-05 09:15:00,196422.63988652776
2020-03-06 09:15:00,192937.78296650277
2020-03-09 09:15:00,184586.62074390208
2020-03-11 09:15:00,183441.9519793422
2020-03-12 09:15:00,167474.1657193826
2020-03-13 09:15:00,171103.61898470932
2020-03-16 09:15:00,162140.79905730538
2020-03-17 09:15:00,158816.1134943648
2020-03-18 09:15:00,150496.86368737047
2020-03-19 09:15:00,143894.16540098138
2020-03-20 09:15:00,149706.62842979372
2020-03-23 09:15:00,132902.26915602438
2020-03-24 09:15:00,132284.73634056788
2020-03-25 09:15:00,136840.6949642025
2020-03-26 09:15:00,141710.43809056206
2020-03-27 09:15:00,142071.8609370717
2020-03-30 09:15:00,140202.14920650126
2020-03-31 09:15:00,145873.18894841112
2020-04-01 09:15:00,144376.83298641033
2020-04-03 09:15:00,143427.84923129843
2020-04-07 09:15:00,151048.23198395947
2020-04-08 09:15:00,154003.87779628555
2020-04-09 09:15:00,159825.9921266595
2020-04-13 09:15:00,160323.32868749287
2020-04-15 09:15:00,163581.50735101732
2020-04-16 09:15:00,165516.70754567542
2020-04-17 09:15:00,168018.81175503903
2020-04-20 09:15:00,168728.36541244623
2020-04-21 09:15:00,165102.48505983155
2020-04-22 09:15:00,166362.16690688807
2020-04-23 09:15:00,168740.32995252608
2020-04-24 09:15:00,165535.28389966572
2020-04-27 09:15:00,166616.00732445205
2020-04-28 09:15:00,167275.1153813189
2020-04-29 09:15:00,168911.11974202684
2020-04-30 09:15:00,172313.54235581728
2020-05-04 09:15:00,166833.54095483854
2020-05-05 09:15:00,165734.49233779698
2020-05-06 09:15:00,166365.56387988833
2020-05-07 09:15:00,165666.5335700531
2020-05-08 09:15:00,165361.1296687747
2020-05-11 09:15:00,165128.65467872386
2020-05-12 09:15:00,163940.90220720627
2020-05-13 09:15:00,167484.3186041712
2020-05-14 09:15:00,165920.05237486254
2020-05-15 09:15:00,165693.7662785836
2020-05-18 09:15:00,160574.90568981654
2020-05-19 09:15:00,160860.65208973503
2020-05-20 09:15:00,162783.8397344856
2020-05-21 09:15:00,164133.1730186058
2020-05-22 09:15:00,163303.5325537289
2020-05-26 09:15:00,163872.54633579648
2020-05-27 09:15:00,165441.31520301488
2020-05-28 09:15:00,168778.69135509682
2020-05-29 09:15:00,171667.06757932322
2020-06-01 09:15:00,175764.20177339885
2020-06-02 09:15:00,177974.3571585252
2020-06-03 09:15:00,179802.49405275582
2020-06-04 09:15:00,179728.96275244313
2020-06-05 09:15:00,183910.7546485401
2020-06-08 09:15:00,186109.06212836556
2020-06-09 09:15:00,185618.3513457234
2020-06-10 09:15:00,186739.446612759
2020-06-11 09:15:00,184239.22451387465
2020-06-12 09:15:00,184281.62815023772
2020-06-15 09:15:00,183887.4111392456
2020-06-16 09:15:00,184092.04828532864
2020-06-17 09:15:00,184583.92238972528
2020-06-18 09:15:00,187649.69451997668
2020-06-19 09:15:00,189654.49350539705
2020-06-22 09:15:00,193037.07545330803
2020-06-23 09:15:00,196785.2475077655
2020-06-24 09:15:00,194133.85993411345
2020-06-25 09:15:00,195041.43074336246
2020-06-26 09:15:00,196338.3607249882
2020-06-29 09:15:00,194818.43188849988
2020-06-30 09:15:00,193593.11469800712
2020-07-01 09:15:00,193813.9806517066
2020-07-02 09:15:00,194905.59820191568
2020-07-03 09:15:00,195404.94243103266
2020-07-06 09:15:00,198659.62958114166
2020-07-07 09:15:00,198679.28188145155
2020-07-08 09:15:00,198086.69817832476
2020-07-09 09:15:00,198967.7047592997
2020-07-10 09:15:00,198469.6044968394
2020-07-13 09:15:00,198880.18557477632
2020-07-14 09:15:00,196553.26982490905
2020-07-15 09:15:00,196043.0803761189
2020-07-16 09:15:00,196725.30821447817
2020-07-17 09:15:00,199750.21500347336
2020-07-20 09:15:00,201823.23631710946
2020-07-21 09:15:00,202393.51276572028
2020-07-22 09:15:00,202111.06164933505
2020-07-23 09:15:00,203745.2565446057
2020-07-24 09:15:00,202961.5517818416
2020-07-27 09:15:00,201145.75006634902
2020-07-28 09:15:00,202344.94751855053
2020-07-29 09:15:00,203136.86479694344
2020-07-30 09:15:00,203077.83297749853
2020-07-31 09:15:00,204591.01987326954
2020-08-03 09:15:00,206392.7184706893
2020-08-04 09:15:00,208665.5439847451
2020-08-05 09:15:00,209028.20339848736
2020-08-06 09:15:00,210535.32370551987
2020-08-07 09:15:00,212050.27778868537
2020-08-10 09:15:00,215027.15129305076
2020-08-11 09:15:00,215632.27372984024
2020-08-12 09:15:00,216323.1004273577
2020-08-13 09:15:00,218508.35717520883
2020-08-14 09:15:00,216555.7577242707
2020-08-17 09:15:00,218249.5741655188
2020-08-18 09:15:00,220450.27609879826
2020-08-19 09:15:00,222272.80014682704
2020-08-20 09:15:00,223666.09074153128
2020-08-21 09:15:00,226006.00741074217
2020-08-24 09:15:00,227918.4109221114
2020-08-25 09:15:00,228082.73635106772
2020-08-26 09:15:00,229434.8509054923
2020-08-27 09:15:00,230773.25628386132
2020-08-28 09:15:00,230300.1838911902
2020-08-31 09:15:00,221860.96052664547
2020-09-01 09:15:00,223023.6874196902
2020-09-02 09:15:00,225703.86640619478
2020-09-03 09:15:00,226456.5300775157
2020-09-04 09:15:00,224072.5954719609
2020-09-07 09:15:00,223314.25158174048
2020-09-08 09:15:00,221709.06893016511
2020-09-09 09:15:00,219674.01589545625
2020-09-10 09:15:00,222141.73612483623
2020-09-11 09:15:00,222869.24738719696
2020-09-14 09:15:00,228279.9728363138
2020-09-15 09:15:00,230671.9384977618
2020-09-16 09:15:00,231256.95753633147
2020-09-17 09:15:00,230459.30726746094
2020-09-18 09:15:00,230481.6485100381
2020-09-21 09:15:00,223028.9490461936
2020-09-22 09:15:00,221119.57846823885
2020-09-23 09:15:00,221549.4929645581
2020-09-24 09:15:00,216160.44929342053
2020-09-25 09:15:00,221584.04860212113
2020-09-28 09:15:00,225820.89078492264
2020-09-29 09:15:00,225208.90009657474
2020-09-30 09:15:00,225592.80801612535
2020-10-01 09:15:00,226680.068579804
2020-10-05 09:15:00,227598.12952630356
2020-10-06 09:15:00,227948.23967387035
2020-10-07 09:15:00,226543.33854093603
2020-10-08 09:15:00,226189.97875827778
2020-10-09 09:15:00,225846.72027973656
2020-10-12 09:15:00,223717.16554509813
2020-10-13 09:15:00,223336.10473925326
2020-10-14 09:15:00,223635.02532433518
2020-10-15 09:15:00,220509.50841710743
2020-10-16 09:15:00,223175.31058820357
2020-10-19 09:15:00,226000.04702513493
2020-10-20 09:15:00,226497.67113509699
2020-10-21 09:15:00,227058.7567124143
2020-10-22 09:15:00,228466.5795057928
2020-10-23 09:15:00,229227.14106672117
2020-10-26 09:15:00,226599.4704472468
2020-10-27 09:15:00,227486.61446879565
2020-10-28 09:15:00,225916.01662040953
2020-10-29 09:15:00,225076.14274347265
2020-10-30 09:15:00,225534.9966603631
2020-11-02 09:15:00,224931.75213354905
2020-11-03 09:15:00,226073.2853051209
2020-11-04 09:15:00,226140.7935403534
2020-11-05 09:15:00,230456.49696186482
2020-11-06 09:15:00,231769.65048357876
2020-11-09 09:15:00,233289.46710795542
2020-11-10 09:15:00,232542.7524957295
2020-11-11 09:15:00,234222.2630222141
2020-11-12 09:15:00,235673.10612513532
2020-11-13 09:15:00,236962.19461513252
2020-11-14 18:00:00,238614.88626187525
2020-11-17 09:15:00,240517.07496393454
2020-11-18 09:15:00,242232.43199431617
2020-11-19 09:15:00,241696.42558892205
2020-11-20 09:15:00,243550.0525973534
2020-11-23 09:15:00,247533.56694272824
2020-11-24 09:15:00,249816.7537426558
2020-11-25 09:15:00,248173.73825697813
2020-11-26 09:15:00,251062.1682715381
2020-11-27 09:15:00,255415.71294676443
2020-12-01 09:15:00,258527.59983896842
2020-12-02 09:15:00,260484.49433076178
2020-12-03 09:15:00,262014.27543152065
2020-12-04 09:15:00,262441.7943844722
2020-12-07 09:15:00,264623.5448976415
2020-12-08 09:15:00,264092.03372741817
2020-12-09 09:15:00,266905.8261974953
2020-12-10 09:15:00,266093.5099296347
2020-12-11 09:15:00,267654.1716158869
2020-12-14 09:15:00,270728.1784159928
2020-12-15 09:15:00,270919.76892602665
2020-12-16 09:15:00,274206.63040829747
2020-12-17 09:15:00,274546.9501462097
2020-12-18 09:15:00,274000.172901877
2020-12-21 09:15:00,261096.9435198737
2020-12-22 09:15:00,263166.7055239639
2020-12-23 09:15:00,268756.32505483687
2020-12-24 09:15:00,270631.8999247728
2020-12-28 09:15:00,275245.76563874056
2020-12-29 09:15:00,276686.82102386805
2020-12-30 09:15:00,276942.3595034771
2020-12-31 09:15:00,277088.366432457
2021-01-01 09:15:00,279551.61908289354
2021-01-04 09:15:00,283991.94808819034
2021-01-05 09:15:00,286282.641477318
2021-01-06 09:15:00,286270.18224998814
2021-01-07 09:15:00,289515.53498051467
2021-01-08 09:15:00,292869.86280289723
2021-01-11 09:15:00,293657.6156584823
2021-01-12 09:15:00,293768.0932723375
2021-01-13 09:15:00,292060.93480976427
2021-01-14 09:15:00,293122.8869600413
2021-01-15 09:15:00,289058.38804951945
2021-01-18 09:15:00,284325.814476995
2021-01-19 09:15:00,288821.6144330609
2021-01-20 09:15:00,289735.7005812821
2021-01-21 09:15:00,287983.480962402
2021-01-22 09:15:00,284986.1359280446
2021-01-25 09:15:00,281961.12165290996
2021-01-27 09:15:00,281004.19215014344
2021-01-28 09:15:00,281132.0393925899
2021-01-29 09:15:00,279846.6900887646
2021-02-01 09:15:00,285783.12993746554
2021-02-02 09:15:00,289580.3333567331
2021-02-03 09:15:00,292253.98525860236
2021-02-04 09:15:00,295074.20305013633
2021-02-05 09:15:00,293974.5620708374
2021-02-08 09:15:00,298589.50467793446
2021-02-09 09:15:00,297473.2086424077
2021-02-10 09:15:00,299040.88114272157
2021-02-11 09:15:00,301033.71226138354
2021-02-12 09:15:00,300329.63813884737
2021-02-15 09:15:00,300570.2623290212
2021-02-16 09:15:00,301518.6078717889
2021-02-17 09:15:00,303657.6970852848
2021-02-18 09:15:00,307525.96616967744
2021-02-19 09:15:00,305302.99850224
2021-02-22 09:15:00,302231.3857915766
2021-02-23 09:15:00,305729.32459162135
2021-02-24 09:15:00,309116.4859175275
2021-02-25 09:15:00,315922.3859873576
2021-02-26 09:15:00,312483.36258738895
2021-03-01 09:15:00,318788.8825721586
2021-03-02 09:15:00,322204.6595557758
2021-03-03 09:15:00,326794.871082571
2021-03-04 09:15:00,329078.75548810774
2021-03-05 09:15:00,324525.6775647489
2021-03-08 09:15:00,326347.49795187486
2021-03-09 09:15:00,324211.4939167449
2021-03-10 09:15:00,327793.9743914943
2021-03-12 09:15:00,326768.27833906194
2021-03-15 09:15:00,325159.87040444225
2021-03-16 09:15:00,327033.7870240306
2021-03-17 09:15:00,319998.8410476936
2021-03-18 09:15:00,316018.73170332983
2021-03-19 09:15:00,317854.2199603255
2021-03-22 09:15:00,319147.40773925435
2021-03-23 09:15:00,320189.5222074827
2021-03-24 09:15:00,314932.89724913164
2021-03-25 09:15:00,310099.2395252068
2021-03-26 09:15:00,314024.0409304038
2021-03-30 09:15:00,317982.81628140877
2021-03-31 09:15:00,318987.86794989085
2021-04-01 09:15:00,323970.03277112887
2021-04-05 09:15:00,319289.8139835045
2021-04-06 09:15:00,321491.72481809143
2021-04-07 09:15:00,326183.50915171433
2021-04-08 09:15:00,329116.9541896477
2021-04-09 09:15:00,329964.24014089804
2021-04-12 09:15:00,315214.16802213533
2021-04-13 09:15:00,319332.4445688418
2021-04-15 09:15:00,320379.7597665563
2021-04-16 09:15:00,323491.5053171421
2021-04-19 09:15:00,318097.7589732623
2021-04-20 09:15:00,318358.4373956762
2021-04-22 09:15:00,319473.8345381017
2021-04-23 09:15:00,320235.4807743645
2021-04-26 09:15:00,321667.77081930503
2021-04-27 09:15:00,327777.5022116672
2021-04-28 09:15:00,331274.0070677186
2021-04-29 09:15:00,331256.09533628385
2021-04-30 09:15:00,332800.081191836
2021-05-03 09:15:00,337371.13246257184
2021-05-04 09:15:00,335656.3252307949
2021-05-05 09:15:00,340361.3324880899
2021-05-06 09:15:00,342935.4401050951
2021-05-07 09:15:00,344723.946571475
2021-05-10 09:15:00,348884.8032082267
2021-05-11 09:15:00,352907.1861995593
2021-05-12 09:15:00,351930.9886559578
2021-05-14 09:15:00,348180.23652617855
2021-05-17 09:15:00,353104.4269434605
2021-05-18 09:15:00,356889.3904401197
2021-05-19 09:15:00,357838.47346747277
2021-05-20 09:15:00,357277.91296486626
2021-05-21 09:15:00,358839.33106092626
2021-05-24 09:15:00,361854.75656271115
2021-05-25 09:15:00,364123.77509546326
2021-05-26 09:15:00,366279.28464353236
2021-05-27 09:15:00,366917.2901927367
2021-05-28 09:15:00,366313.0725511344
2021-05-31 09:15:00,367769.6623165798
2021-06-01 09:15:00,367208.1806131328
2021-06-02 09:15:00,370634.66830702836
2021-06-03 09:15:00,374585.5078619318
2021-06-04 09:15:00,376076.64315493975
2021-06-07 09:15:00,379506.7024385669
2021-06-08 09:15:00,382056.4509509531
2021-06-09 09:15:00,379952.4836899834
2021-06-10 09:15:00,386010.44949289353
2021-06-11 09:15:00,387697.560507636
2021-06-14 09:15:00,387167.7776837886
2021-06-15 09:15:00,390178.4041290054
2021-06-16 09:15:00,389269.1564130273
2021-06-17 09:15:00,386849.49154320545
2021-06-18 09:15:00,384416.15159170324
2021-06-21 09:15:00,387653.84045776376
2021-06-22 09:15:00,390539.26308640774
2021-06-23 09:15:00,390355.58764459216
2021-06-24 09:15:00,389659.26374137215
2021-06-25 09:15:00,391346.5327821562
2021-06-28 09:15:00,392655.1468211556
2021-06-29 09:15:00,392403.51324638916
2021-06-30 09:15:00,393625.6525675899
2021-07-01 09:15:00,395636.59448355046
2021-07-02 09:15:00,397430.8478591619
2021-07-05 09:15:00,401062.40139616054
2021-07-06 09:15:00,400341.99033348623
2021-07-07 09:15:00,402469.9432837912
2021-07-08 09:15:00,400725.04338015144
2021-07-09 09:15:00,402077.63769151893
2021-07-12 09:15:00,403905.26858516113
2021-07-13 09:15:00,404630.5607371372
2021-07-14 09:15:00,406390.7918544005
2021-07-15 09:15:00,408337.62729553663
2021-07-16 09:15:00,410570.9200184889
2021-07-19 09:15:00,408215.53857800877
2021-07-20 09:15:00,402925.01145822706
2021-07-22 09:15:00,407758.9331842668
2021-07-23 09:15:00,406902.3721469849
2021-07-26 09:15:00,407121.64178304176
2021-07-27 09:15:00,404703.34509582765
2021-07-28 09:15:00,402073.1663646227
2021-07-29 09:15:00,404212.96161434974
2021-07-30 09:15:00,407201.77840303036
2021-08-02 09:15:00,410271.1230398235
2021-08-03 09:15:00,411157.7822919569
2021-08-04 09:15:00,407324.2932603691
2021-08-05 09:15:00,405711.00626727747
2021-08-06 09:15:00,405248.03808042087
2021-08-09 09:15:00,402318.86327028676
2021-08-10 09:15:00,396422.71574328706
2021-08-11 09:15:00,393655.01296600787
2021-08-12 09:15:00,400156.4089879114
2021-08-13 09:15:00,400134.81094630144
2021-08-16 09:15:00,398798.0754614253
2021-08-17 09:15:00,397304.8843287679
2021-08-18 09:15:00,397161.2974806947
2021-08-20 09:15:00,389875.24624354864
2021-08-23 09:15:00,384345.33333727426
2021-08-24 09:15:00,388925.40302733384
2021-08-25 09:15:00,392376.3206733868
2021-08-26 09:15:00,392860.89997614163
2021-08-27 09:15:00,395703.09946052206
2021-08-30 09:15:00,402292.15525737527
2021-08-31 09:15:00,404928.0800207188
2021-09-01 09:15:00,404669.72074722755
2021-09-02 09:15:00,410365.00758314703
2021-09-03 09:15:00,411377.234771037
2021-09-06 09:15:00,412518.7913766788
2021-09-07 09:15:00,411115.25416009343
2021-09-08 09:15:00,412364.9959067922
2021-09-09 09:15:00,413335.1452326289
2021-09-13 09:15:00,416994.8639926919
2021-09-14 09:15:00,419265.30776131037
2021-09-15 09:15:00,422416.91573068616
2021-09-16 09:15:00,423527.9766672647
2021-09-17 09:15:00,420530.5560139085
2021-09-20 09:15:00,413350.84405787865
2021-09-21 09:15:00,415244.269227889
2021-09-22 09:15:00,419675.5590916936
2021-09-23 09:15:00,423932.5107602317
2021-09-24 09:15:00,422186.3157962921
2021-09-27 09:15:00,421747.88520072843
2021-09-28 09:15:00,419818.4439347863
2021-09-29 09:15:00,422950.7475391377
2021-09-30 09:15:00,425163.49269082793
2021-10-01 09:15:00,426570.6041561245
2021-10-04 09:15:00,432985.834628562
2021-10-05 09:15:00,435022.48125832
2021-10-06 09:15:00,433365.6608975237
2021-10-07 09:15:00,436968.03366473434
2021-10-08 09:15:00,438155.7062557244
2021-10-11 09:15:00,440681.93760142504
2021-10-12 09:15:00,442512.23239305045
2021-10-13 09:15:00,444931.1275344407
2021-10-14 09:15:00,446861.154489748
2021-10-18 09:15:00,451133.29291668395
2021-10-19 09:15:00,445766.46535709547
2021-10-20 09:15:00,436954.63558379665
2021-10-21 09:15:00,434236.4385658441
2021-10-22 09:15:00,430366.6484622635
2021-10-25 09:15:00,424213.49967654055
2021-10-26 09:15:00,430833.8419585656
2021-10-27 09:15:00,432627.16386975383
2021-10-28 09:15:00,425459.79519521806
2021-10-29 09:15:00,425527.79315490887
2021-11-01 09:15:00,432160.1823570353
2021-11-02 09:15:00,434696.9286668226
2021-11-03 09:15:00,434535.7133094853
2021-11-04 18:00:00,439232.92922858725
2021-11-08 09:15:00,441645.2427889424
2021-11-09 09:15:00,444295.83086031926
2021-11-10 09:15:00,443021.6263378172
2021-11-11 09:15:00,440038.8913426327
2021-11-12 09:15:00,441735.76475231664
2021-11-15 09:15:00,440857.4185583207
2021-11-16 09:15:00,439892.2664332304
2021-11-17 09:15:00,437309.99348043604
2021-11-18 09:15:00,431487.2658895775
2021-11-22 09:15:00,422127.55124929437
2021-11-23 09:15:00,427778.1047696239
2021-11-24 09:15:00,428975.7071026365
2021-11-25 09:15:00,432235.51947826106
2021-11-26 09:15:00,421784.6666943702
2021-11-29 09:15:00,415835.5450522206
2021-11-30 09:15:00,417539.7783878325
2021-12-01 09:15:00,420056.72195339773
2021-12-02 09:15:00,424322.51171332574
2021-12-03 09:15:00,426188.45955229085
2021-12-06 09:15:00,420080.72253808944
2021-12-07 09:15:00,426380.6919425542
2021-12-08 09:15:00,431446.2869419309
2021-12-09 09:15:00,433630.02891595615
2021-12-10 09:15:00,436899.6259448791
2021-12-13 09:15:00,436827.4143258611
2021-12-14 09:15:00,434566.17205750727
2021-12-15 09:15:00,433055.77809531457
2021-12-16 09:15:00,430067.6926567287
2021-12-17 09:15:00,422864.39271045703
2021-12-20 09:15:00,411348.71351282916
2021-12-21 09:15:00,416960.6972817142
2021-12-22 09:15:00,421330.5098462972
2021-12-23 09:15:00,424856.0099341299
2021-12-24 09:15:00,422101.29720516363
2021-12-27 09:15:00,424023.96682677546
2021-12-28 09:15:00,430189.3993081114
2021-12-29 09:15:00,430966.59189829713
2021-12-30 09:15:00,432020.99000968
2021-12-31 09:15:00,435635.6675454797
2022-01-03 09:15:00,440531.22302589787
2022-01-04 09:15:00,442810.3185938287
2022-01-05 09:15:00,443735.73472648906
2022-01-06 09:15:00,442809.1444295656
2022-01-07 09:15:00,443980.2693776081
2022-01-10 09:15:00,448948.58248034894
2022-01-11 09:15:00,449743.32333689334
2022-01-12 09:15:00,452701.442565202
2022-01-13 09:15:00,455005.20605492033
2022-01-14 09:15:00,457500.40050198196
2022-01-17 09:15:00,460296.7560466719
2022-01-18 09:15:00,452631.096150301
2022-01-19 09:15:00,453035.85170636384
2022-01-20 09:15:00,451977.605589161
2022-01-21 09:15:00,443314.38007307914
2022-01-24 09:15:00,426479.0695396379
2022-01-25 09:15:00,430683.1209812751
2022-01-27 09:15:00,426487.6675828688
2022-01-28 09:15:00,430036.39723937755
2022-01-31 09:15:00,434602.49264043965
2022-02-01 09:15:00,438719.1372815347
2022-02-02 09:15:00,445923.5832819445
2022-02-03 09:15:00,446000.95648510195
2022-02-04 09:15:00,443791.8832212124
2022-02-07 09:15:00,441499.4862736725
2022-02-08 09:15:00,437531.26224888925
2022-02-09 09:15:00,440144.6530910676
2022-02-10 09:15:00,441037.4578649107
2022-02-11 09:15:00,434003.19466996467
2022-02-14 09:15:00,418389.03156160325
2022-02-15 09:15:00,426495.24436077365
2022-02-16 09:15:00,427081.2537793155
2022-02-17 09:15:00,424644.07383185404
2022-02-18 09:15:00,420305.87245199754
2022-02-21 09:15:00,413144.76288673584
2022-02-22 09:15:00,406962.41229176836
2022-02-23 09:15:00,411306.112099179
2022-02-24 09:15:00,389781.6745560186
2022-02-25 09:15:00,405002.1750936693
2022-02-28 09:15:00,409037.8797745706
2022-03-02 09:15:00,409484.24471799633
2022-03-03 09:15:00,410366.3234290953
2022-03-04 09:15:00,405444.1391808229
2022-03-07 09:15:00,399187.01933955355
2022-03-08 09:15:00,404908.32735141536
2022-03-09 09:15:00,411642.9712587656
2022-03-10 09:15:00,414493.6016951417
2022-03-11 09:15:00,418927.76178423833
2022-03-14 09:15:00,421825.2029306649
2022-03-15 09:15:00,417301.5465197037
2022-03-16 09:15:00,423571.5199216714
2022-03-17 09:15:00,426998.3429292173
2022-03-21 09:15:00,426473.712170129
2022-03-22 09:15:00,426631.838468213
2022-03-23 09:15:00,425857.6677925164
2022-03-24 09:15:00,426230.95825864165
2022-03-25 09:15:00,425024.8060755234
2022-03-28 09:15:00,422648.06498169596
2022-03-29 09:15:00,426154.0808836473
2022-03-30 09:15:00,429706.56216579466
2022-03-31 09:15:00,430033.73927162425
2022-04-01 09:15:00,437225.70173494157
2022-04-04 09:15:00,445911.7635768762
2022-04-05 09:15:00,451369.5207100016
2022-04-06 09:15:00,452064.60798657156
2022-04-07 09:15:00,449351.6899274782
2022-04-08 09:15:00,453111.0496858185
2022-04-11 09:15:00,456620.814741834
2022-04-12 09:15:00,451101.01164694794
2022-04-13 09:15:00,452348.4265257224
2022-04-18 09:15:00,449224.3182267231
2022-04-19 09:15:00,443198.3653981433
2022-04-20 09:15:00,444835.91564292513
2022-04-21 09:15:00,451648.5819295523
2022-04-22 09:15:00,449816.6219778157
2022-04-25 09:15:00,443344.9768254409
2022-04-26 09:15:00,447800.95042907196
2022-04-27 09:15:00,444470.9219066559
2022-04-28 09:15:00,447845.2211563937
2022-04-29 09:15:00,445696.7327103386
2022-05-02 09:15:00,441806.7486025772
2022-05-04 09:15:00,432073.16318063525
2022-05-05 09:15:00,431801.97110531374
2022-05-06 09:15:00,423573.94507062726
2022-05-09 09:15:00,418514.28612075077
2022-05-10 09:15:00,411649.2038684878
2022-05-11 09:15:00,407834.47048286896
2022-05-12 09:15:00,400862.5472080638
2022-05-13 09:15:00,404619.73582819814
2022-05-16 09:15:00,410944.93507816043
2022-05-17 09:15:00,420851.18988844834
2022-05-18 09:15:00,422919.20845340344
2022-05-19 09:15:00,412723.7126729617
2022-05-20 09:15:00,420671.355886865
2022-05-23 09:15:00,418832.41696072934
2022-05-24 09:15:00,414395.70969405136
2022-05-25 09:15:00,404273.26832696947
2022-05-26 09:15:00,408938.6023422031
2022-05-27 09:15:00,414031.01358817576
2022-05-30 09:15:00,424884.0900424569
2022-05-31 09:15:00,425587.0395306159
2022-06-01 09:15:00,427660.43072869687
2022-06-02 09:15:00,430773.4501623842
2022-06-03 09:15:00,424817.0907303394
2022-06-06 09:15:00,423618.97910519567
2022-06-07 09:15:00,421384.0598632634
2022-06-08 09:15:00,419892.1176210756
2022-06-09 09:15:00,421100.05647796066
2022-06-10 09:15:00,418180.2850320553
2022-06-13 09:15:00,405623.47578984854
2022-06-14 09:15:00,404495.1121629473
2022-06-15 09:15:00,405825.9417737555
2022-06-16 09:15:00,395689.8584002578
2022-06-17 09:15:00,390921.5392858137
2022-06-20 09:15:00,382323.4185120173
2022-06-21 09:15:00,394167.7101738881
2022-06-22 09:15:00,388999.3077586922
2022-06-23 09:15:00,392206.45849665697
2022-06-24 09:15:00,397263.28030143183
2022-06-27 09:15:00,402298.03716707946
2022-06-28 09:15:00,403290.88138499396
2022-06-29 09:15:00,402089.4655883233
2022-06-30 09:15:00,399470.1846227015
2022-07-01 09:15:00,401194.88924196904
2022-07-04 09:15:00,403457.22111717355
2022-07-05 09:15:00,404614.2708259076
2022-07-06 09:15:00,411094.5948018155
2022-07-07 09:15:00,416544.25025309395
2022-07-08 09:15:00,418580.53395136556
2022-07-11 09:15:00,423434.86282046995
2022-07-12 09:15:00,421643.64226278843
2022-07-13 09:15:00,421363.0072062021
2022-07-14 09:15:00,419769.35890764423
2022-07-15 09:15:00,421243.498062101
2022-07-18 09:15:00,426921.2103401651
2022-07-19 09:15:00,429583.57998841716
2022-07-20 09:15:00,431500.13009139086
2022-07-21 09:15:00,435230.23239610007
2022-07-22 09:15:00,436303.4854516487
2022-07-25 09:15:00,435117.6898310806
2022-07-26 09:15:00,430330.75959984853
2022-07-27 09:15:00,433962.12772029574
2022-07-28 09:15:00,436375.09992409975
2022-07-29 09:15:00,443304.76125514955
2022-08-01 09:15:00,448045.9983884095
2022-08-02 09:15:00,447840.8913597051
2022-08-03 09:15:00,446372.51903858944
2022-08-04 09:15:00,447011.58463974675
2022-08-05 09:15:00,447866.14552170096
2022-08-08 09:15:00,449608.9144968681
2022-08-10 09:15:00,450762.43779319845
2022-08-11 09:15:00,453565.57033584494
2022-08-12 09:15:00,455868.48596598016
2022-08-16 09:15:00,461452.0177068002
2022-08-17 09:15:00,464118.1304518775
2022-08-18 09:15:00,465401.59324525134
2022-08-19 09:15:00,459597.8792585724
2022-08-22 09:15:00,453074.236966656
2022-08-23 09:15:00,455847.1770849014
2022-08-24 09:15:00,458385.20557677955
2022-08-25 09:15:00,459285.3243540384
2022-08-26 09:15:00,462012.1150315196
2022-08-29 09:15:00,458432.3362099563
2022-08-30 09:15:00,464936.11940476525
2022-09-01 09:15:00,464817.4796045315
2022-09-02 09:15:00,464470.90602076735
2022-09-05 09:15:00,467404.43869621214
2022-09-06 09:15:00,468530.3386467401
2022-09-07 09:15:00,474873.57786681305
2022-09-08 09:15:00,476626.1881911384
2022-09-09 09:15:00,476794.49104021344
2022-09-12 09:15:00,480940.14099800354
2022-09-13 09:15:00,481847.463946564
2022-09-14 09:15:00,482634.8104959937
2022-09-15 09:15:00,481554.1537153734
2022-09-16 09:15:00,471383.00498866034
2022-09-19 09:15:00,470361.3085503881
2022-09-20 09:15:00,476088.9071594468
2022-09-21 09:15:00,474197.9250086717
2022-09-22 09:15:00,474060.91890595725
2022-09-23 09:15:00,466169.95318125736
2022-09-26 09:15:00,453670.5064258383
2022-09-27 09:15:00,456355.1973918396
2022-09-28 09:15:00,454872.43458915915
2022-09-29 09:15:00,457921.5365304326
2022-09-30 09:15:00,463017.8381947971
2022-10-03 09:15:00,460354.5950548451
2022-10-04 09:15:00,467285.7264061368
2022-10-06 09:15:00,472614.8511321709
2022-10-07 09:15:00,473195.0338016718
2022-10-10 09:15:00,470696.65413879685
2022-10-11 09:15:00,463316.79859901755
2022-10-12 09:15:00,466044.48208208196
2022-10-13 09:15:00,464570.94043996447
2022-10-14 09:15:00,465141.2300753959
2022-10-17 09:15:00,466659.16982115334
2022-10-18 09:15:00,470201.9645101709
2022-10-19 09:15:00,470104.8771670679
2022-10-20 09:15:00,470987.1617566297
2022-10-21 09:15:00,469448.0366440204
2022-10-24 18:15:00,472762.9076969597
2022-10-25 09:15:00,472887.7017673515
2022-10-27 09:15:00,475523.5697373847
2022-10-28 09:15:00,473043.9911852769
2022-10-31 09:15:00,477494.543077425
2022-11-01 09:15:00,479377.86315628065
2022-11-02 09:15:00,480567.7624694552
2022-11-03 09:15:00,480671.2662523532
2022-11-04 09:15:00,482347.5701734158
2022-11-07 09:15:00,484595.81471773365
2022-11-09 09:15:00,482549.3513832348
2022-11-10 09:15:00,478762.77926893183
2022-11-11 09:15:00,481063.482122381
2022-11-14 09:15:00,482872.93726461625
2022-11-15 09:15:00,483459.8083895244
2022-11-16 09:15:00,482953.59164504474
2022-11-17 09:15:00,481782.76065570966
2022-11-18 09:15:00,478201.079662775
2022-11-21 09:15:00,479408.73799383803
2022-11-22 09:15:00,481568.5517672315
2022-11-23 09:15:00,484010.6671623578
2022-11-24 09:15:00,486450.7171758532
2022-11-25 09:15:00,489072.49954147544
2022-11-28 09:15:00,491505.49102791556
2022-11-29 09:15:00,491239.6570138891
2022-11-30 09:15:00,495579.5277002115
2022-12-01 09:15:00,498129.98206672736
2022-12-02 09:15:00,499314.83764500555
2022-12-05 09:15:00,499208.88646493736
2022-12-06 09:15:00,496097.65788695024
2022-12-07 09:15:00,495529.1032922472
2022-12-08 09:15:00,497559.16132910975
2022-12-09 09:15:00,492688.8429728572
2022-12-12 09:15:00,494226.8615462856
2022-12-13 09:15:00,497170.66245651996
2022-12-14 09:15:00,499603.354656866
2022-12-15 09:15:00,498132.7457700049
2022-12-16 09:15:00,493199.7173549042
2022-12-19 09:15:00,496120.611313335
2022-12-20 09:15:00,495517.9932058239
2022-12-21 09:15:00,486664.13936481875
2022-12-22 09:15:00,478871.8509252146
2022-12-23 09:15:00,459996.00916741043
2022-12-26 09:15:00,473257.95056690444
2022-12-27 09:15:00,478837.97813923284
2022-12-28 09:15:00,481588.01931202057
2022-12-29 09:15:00,482828.375344227
2022-12-30 09:15:00,484815.30311640573
2023-01-02 09:15:00,489120.843158361
2023-01-03 09:15:00,489562.9966888549
2023-01-04 09:15:00,484809.5520776276
2023-01-05 09:15:00,486312.3988382837
2023-01-06 09:15:00,483527.30672518077
2023-01-09 09:15:00,486272.81203020114
2023-01-10 09:15:00,484311.62628808897
2023-01-11 09:15:00,483092.1704641452
2023-01-12 09:15:00,483801.0529663918
2023-01-13 09:15:00,484172.34258592525
2023-01-16 09:15:00,483646.6384898556
2023-01-17 09:15:00,482976.2836243558
2023-01-18 09:15:00,483798.9742052609
2023-01-19 09:15:00,482917.2232487891
2023-01-20 09:15:00,480300.94449005165
2023-01-23 09:15:00,480419.2686624618
2023-01-24 09:15:00,478393.0738022901
2023-01-25 09:15:00,472466.86248069035
2023-01-27 09:15:00,463988.69210218126
2023-01-30 09:15:00,462237.25925820926
2023-01-31 09:15:00,471127.699037219
2023-02-01 09:15:00,466008.45425692433
2023-02-02 09:15:00,466810.5582679543
2023-02-03 09:15:00,464440.570733284
2023-02-06 09:15:00,466096.5750529414
2023-02-07 09:15:00,465080.72928584204
2023-02-08 09:15:00,469582.7570465929
2023-02-09 09:15:00,470174.3801420669
2023-02-10 09:15:00,470972.50658501696
2023-02-13 09:15:00,463772.16036713636
2023-02-14 09:15:00,462997.87344563316
2023-02-15 09:15:00,466016.0636041995
2023-02-16 09:15:00,469302.72403834027
2023-02-17 09:15:00,468640.8192475523
2023-02-20 09:15:00,468355.52125594835
2023-02-21 09:15:00,466923.6083607966
2023-02-22 09:15:00,460691.4188455905
2023-02-23 09:15:00,461642.9979629511
2023-02-24 09:15:00,461838.38944037585
2023-02-27 09:15:00,457125.2551137264
2023-02-28 09:15:00,458825.6366953742
2023-03-01 09:15:00,465102.6367187885
2023-03-02 09:15:00,464863.9147522427
2023-03-03 09:15:00,467417.27325290977
2023-03-06 09:15:00,470871.82285132835
2023-03-08 09:15:00,471891.4758273491
2023-03-09 09:15:00,469829.25873032503
2023-03-10 09:15:00,467209.760700597
2023-03-13 09:15:00,459467.81518958387
2023-03-14 09:15:00,457011.85856765055
2023-03-15 09:15:00,457650.00746801205
2023-03-16 09:15:00,455664.129036209
2023-03-17 09:15:00,458065.38711999217
2023-03-20 09:15:00,454484.0781719312
2023-03-21 09:15:00,455650.81050855987
2023-03-22 09:15:00,457190.62678496796
2023-03-23 09:15:00,455659.4142964453
2023-03-24 09:15:00,450350.91744050046
2023-03-27 09:15:00,446547.2396881597
2023-03-28 09:15:00,444184.54205403506
2023-03-29 09:15:00,451616.6065165112
2023-03-31 09:15:00,457383.0180031571
2023-04-03 09:15:00,461843.30588936835
2023-04-05 09:15:00,466149.7303465987
2023-04-06 09:15:00,467408.50238276506
2023-04-10 09:15:00,469810.8688727825
2023-04-11 09:15:00,472374.99127795955
2023-04-12 09:15:00,476553.53160747065
2023-04-13 09:15:00,479432.1777266152
2023-04-17 09:15:00,479639.1673972884
2023-04-18 09:15:00,481077.42391566123
2023-04-19 09:15:00,481397.67775690055
2023-04-20 09:15:00,481215.5585851963
2023-04-21 09:15:00,479316.3493938706
2023-04-24 09:15:00,481535.6223270787
2023-04-25 09:15:00,482058.3855218257
2023-04-26 09:15:00,486016.3407524309
2023-04-27 09:15:00,488236.3782394532
2023-04-28 09:15:00,493105.19044455286
2023-05-02 09:15:00,496117.67086972186
2023-05-03 09:15:00,499157.7687977308
2023-05-04 09:15:00,502843.0160593746
2023-05-05 09:15:00,499207.8678214791
2023-05-08 09:15:00,502272.2396067544
2023-05-09 09:15:00,500871.6243574332
2023-05-10 09:15:00,504504.0703272236
2023-05-11 09:15:00,506118.8040964645
2023-05-12 09:15:00,504870.1805585419
2023-05-15 09:15:00,508659.20831256924
2023-05-16 09:15:00,509721.9406129309
2023-05-17 09:15:00,512325.74859618564
2023-05-18 09:15:00,510309.3552840134
2023-05-19 09:15:00,509134.7947912557
2023-05-22 09:15:00,511216.0116026729
2023-05-23 09:15:00,511107.7323338063
2023-05-24 09:15:00,512409.2695430171
2023-05-25 09:15:00,512883.29424973857
2023-05-26 09:15:00,516653.17307218566
2023-05-29 09:15:00,517533.44803695363
2023-05-30 09:15:00,517284.9817982064
2023-05-31 09:15:00,520387.25217719557
2023-06-01 09:15:00,522658.28966419154
2023-06-02 09:15:00,525931.4051135782
2023-06-05 09:15:00,528452.0470524747
2023-06-06 09:15:00,528988.062402739
2023-06-07 09:15:00,533487.8941464019
2023-06-08 09:15:00,530657.4295366178
2023-06-09 09:15:00,528502.649698296
2023-06-12 09:15:00,532533.3787944767
2023-06-13 09:15:00,537433.8471992022
2023-06-14 09:15:00,540670.06934315
2023-06-15 09:15:00,543153.506653079
2023-06-16 09:15:00,547069.0767570335
2023-06-19 09:15:00,549841.3028514469
2023-06-20 09:15:00,552303.507027433
2023-06-21 09:15:00,551953.9466637917
2023-06-22 09:15:00,547315.325054837
2023-06-23 09:15:00,541547.0032534831
2023-06-26 09:15:00,546474.6398864863
2023-06-27 09:15:00,550130.8427205307
2023-06-28 09:15:00,550150.4575997186
2023-06-30 09:15:00,553437.3425866488
2023-07-03 09:15:00,555753.1203199332
2023-07-04 09:15:00,554296.9956831033
2023-07-05 09:15:00,556722.2697802968
2023-07-06 09:15:00,560390.3948108684
2023-07-07 09:15:00,557779.1676242509
2023-07-10 09:15:00,554769.9000264431
2023-07-11 09:15:00,559958.9586499663
2023-07-12 09:15:00,559635.3904669652
2023-07-13 09:15:00,557075.7359069783
2023-07-14 09:15:00,563283.3037888155
2023-07-17 09:15:00,567568.5219123936
2023-07-18 09:15:00,566369.0151955518
2023-07-19 09:15:00,568478.2107543257
2023-07-20 09:15:00,569559.0227862252
2023-07-21 09:15:00,567768.2546108803
2023-07-24 09:15:00,568721.511899331
2023-07-25 09:15:00,570373.8859129068
2023-07-26 09:15:00,572494.3607338788
2023-07-27 09:15:00,573825.6697853366
2023-07-28 09:15:00,576759.2366195883
2023-07-31 09:15:00,583828.8162717916
2023-08-01 09:15:00,585852.4445026069
2023-08-02 09:15:00,579206.5369527497
2023-08-03 09:15:00,579771.9565521076
2023-08-04 09:15:00,582884.6242122661
2023-08-07 09:15:00,588250.7076815912
2023-08-08 09:15:00,589910.4090191899
2023-08-09 09:15:00,592342.5945576929
2023-08-10 09:15:00,589031.145357229
2023-08-11 09:15:00,589066.8955044446
2023-08-14 09:15:00,585606.5361305269
2023-08-16 09:15:00,588457.9226093028
2023-08-17 09:15:00,591002.3196574693
2023-08-18 09:15:00,589535.8055600933
2023-08-21 09:15:00,594661.1431465779
2023-08-22 09:15:00,599051.6425293804
2023-08-23 09:15:00,603921.458149568
2023-08-24 09:15:00,606338.4659662916
2023-08-25 09:15:00,602470.5327480803
2023-08-28 09:15:00,604747.2599922376
2023-08-29 09:15:00,608664.3913390833
2023-08-30 09:15:00,611660.0636142987
2023-08-31 09:15:00,615375.994016885
2023-09-01 09:15:00,619458.6275742758
2023-09-04 09:15:00,625033.5077353594
2023-09-05 09:15:00,629299.6608328415
2023-09-06 09:15:00,630806.1846986362
2023-09-07 09:15:00,634987.8469158163
2023-09-08 09:15:00,638265.3472223257
2023-09-11 09:15:00,643105.1659499276
2023-09-12 09:15:00,622385.1156542238
2023-09-13 09:15:00,627532.7229036578
2023-09-14 09:15:00,632981.9636347425
2023-09-15 09:15:00,636880.2590081481
2023-09-18 09:15:00,633436.6489891368
2023-09-20 09:15:00,628901.6605578915
2023-09-21 09:15:00,622712.612904872
2023-09-22 09:15:00,621900.1279724095
2023-09-25 09:15:00,624230.5696782846
2023-09-26 09:15:00,625787.6401422932
2023-09-27 09:15:00,629899.9600308572
2023-09-28 09:15:00,625134.291477991
2023-09-29 09:15:00,632710.5871359853
2023-10-03 09:15:00,633576.1862780623
2023-10-04 09:15:00,628138.2237322459
2023-10-05 09:15:00,628787.805104472
2023-10-06 09:15:00,634043.667376859
2023-10-09 09:15:00,624574.8307632921
2023-10-10 09:15:00,634350.5193739517
2023-10-11 09:15:00,638489.2337954877
2023-10-12 09:15:00,640178.4701989866
2023-10-13 09:15:00,639294.1075585594
2023-10-16 09:15:00,641736.206264561
2023-10-17 09:15:00,645052.8578624929
2023-10-18 09:15:00,641033.2281906081
2023-10-19 09:15:00,641385.9508431435
2023-10-20 09:15:00,634149.2052019662
2023-10-23 09:15:00,614625.3565758314
2023-10-25 09:15:00,610224.5381894282
2023-10-26 09:15:00,606902.3184779871
2023-10-27 09:15:00,616904.9183372784
2023-10-30 09:15:00,617379.2821306449
2023-10-31 09:15:00,619398.9568365342
2023-11-01 09:15:00,618711.3415300251
2023-11-02 09:15:00,623495.4982491682
2023-11-03 09:15:00,627026.5376625635
2023-11-06 09:15:00,633749.6967656164
2023-11-07 09:15:00,633719.7081557827
2023-11-08 09:15:00,638335.1304506717
2023-11-09 09:15:00,635667.1667634303
2023-11-10 09:15:00,637683.1273500767
2023-11-12 18:15:00,643005.2150892919
2023-11-13 09:15:00,641902.1585570616
2023-11-15 09:15:00,647097.1465977126
2023-11-16 09:15:00,650280.589029732
2023-11-17 09:15:00,653599.9855910954
2023-11-20 09:15:00,654854.3384068683
2023-11-21 09:15:00,657337.6788904093
2023-11-22 09:15:00,655509.2707244926
2023-11-23 09:15:00,657540.0051741863
2023-11-24 09:15:00,659892.7814577196
2023-11-28 09:15:00,662195.0659735642
2023-11-29 09:15:00,665792.1963782229
2023-11-30 09:15:00,672050.8911670974
2023-12-01 09:15:00,677121.9543405452
2023-12-04 09:15:00,687634.4018870088
2023-12-05 09:15:00,688566.6661097017
2023-12-06 09:15:00,691475.8842807516
2023-12-07 09:15:00,693987.6355346205
2023-12-08 09:15:00,691365.3925424591
2023-12-11 09:15:00,696889.5626721501
2023-12-12 09:15:00,696198.7574912078
2023-12-13 09:15:00,699436.3336834931
2023-12-14 09:15:00,706529.9088690762
2023-12-15 09:15:00,712268.0599848774
2023-12-18 09:15:00,714271.4925467953
2023-12-19 09:15:00,716266.4106841537
2023-12-20 09:15:00,694623.6305746901
2023-12-21 09:15:00,706255.6696019458
2023-12-22 09:15:00,713909.6081187507
2023-12-26 09:15:00,720506.813012019
2023-12-27 09:15:00,722068.3736127946
2023-12-28 09:15:00,727756.2032955909
2023-12-29 09:15:00,732589.4301533218
2024-01-01 09:15:00,738658.0431274087
2024-01-02 09:15:00,741195.2348647335
2024-01-03 09:15:00,741081.2088097415
2024-01-04 09:15:00,746857.0961638677
2024-01-05 09:15:00,749183.2433859603
2024-01-08 09:15:00,743082.6867054282
2024-01-09 09:15:00,746595.9117566815
2024-01-10 09:15:00,747856.942808591
2024-01-11 09:15:00,753834.0540067559
2024-01-12 09:15:00,756882.8736898118
2024-01-15 09:15:00,758973.1050761649
2024-01-16 09:15:00,756009.0971501498
2024-01-17 09:15:00,748287.7325524155
2024-01-18 09:15:00,746069.749740947
2024-01-19 09:15:00,755723.1889245737
2024-01-20 09:15:00,756762.9426535012
2024-01-23 09:15:00,738438.1664591802
2024-01-24 09:15:00,750826.7416382772
2024-01-25 09:15:00,751883.3347337731
2024-01-29 09:15:00,758445.9405097769
2024-01-30 09:15:00,756990.7049292393
2024-01-31 09:15:00,769355.1481199306
2024-02-01 09:15:00,769653.3915685433
2024-02-02 09:15:00,773547.5936873747
2024-02-05 09:15:00,773646.8219064159
2024-02-06 09:15:00,782788.6972547073
2024-02-07 09:15:00,783601.4002301478
2024-02-08 09:15:00,780799.8464870843
2024-02-09 09:15:00,774390.8644973573
2024-02-12 09:15:00,757891.775292277
2024-02-13 09:15:00,759294.0873153997
2024-02-14 09:15:00,763769.8129562935
2024-02-15 09:15:00,770560.4823045208
2024-02-16 09:15:00,775002.5866916442
2024-02-19 09:15:00,779840.6915444992
2024-02-20 09:15:00,779297.6164616637
2024-02-21 09:15:00,774651.1322323877
2024-02-22 09:15:00,781021.6086395298
2024-02-23 09:15:00,783926.2350031579
2024-02-26 09:15:00,781818.8064781548
2024-02-27 09:15:00,780167.5260629198
2024-02-28 09:15:00,769198.096554667
2024-02-29 09:15:00,774816.2111677716
2024-03-01 09:15:00,780495.9841079204
2024-03-02 09:15:00,784671.4532311533
2024-03-04 09:15:00,783534.7847548915
2024-03-05 09:15:00,781546.0608338809
2024-03-06 09:15:00,774156.7702328477
2024-03-07 09:15:00,779074.1373431863
2024-03-11 09:15:00,769913.7165792669
2024-03-12 09:15:00,756165.0211935857
2024-03-13 09:15:00,726599.5808636
2024-03-14 09:15:00,746751.923222463
2024-03-15 09:15:00,748802.8155741368
2024-03-18 09:15:00,748476.758183933
2024-03-19 09:15:00,738400.2040214146
2024-03-20 09:15:00,736444.9324188774
2024-03-21 09:15:00,749503.4352293195
2024-03-22 09:15:00,752760.2609981339
2024-03-26 09:15:00,754411.2730639529
2024-03-27 09:15:00,755314.7018934452
2024-03-28 09:15:00,758607.7533220493
2024-04-01 09:15:00,774550.7084930543
2024-04-02 09:15:00,781496.142020615
2024-04-03 09:15:00,787314.0772823016
2024-04-04 09:15:00,790651.7819874218
2024-04-05 09:15:00,795149.4576020114
2024-04-08 09:15:00,797253.1002906768
2024-04-09 09:15:00,797119.9742662173
2024-04-10 09:15:00,802996.7965954652
2024-04-12 09:15:00,798796.7808570428
2024-04-15 09:15:00,789139.6074997068
2024-04-16 09:15:00,791101.9519972858
2024-04-18 09:15:00,788933.5067793197
2024-04-19 09:15:00,788057.57133371
2024-04-22 09:15:00,796569.2709761534
2024-04-23 09:15:00,801494.8881767077
2024-04-24 09:15:00,809935.8963336817
2024-04-25 09:15:00,816482.9250654443
2024-04-26 09:15:00,824675.8113876127
2024-04-29 09:15:00,824382.8873583117
2024-04-30 09:15:00,823658.8145529835
2024-05-02 09:15:00,824745.5734471198
2024-05-03 09:15:00,822774.9158467399
2024-05-06 09:15:00,816952.8677743889
2024-05-07 09:15:00,807258.6273904928
2024-05-08 09:15:00,811714.651135819
2024-05-09 09:15:00,794142.0932886963
2024-05-10 09:15:00,799524.6613738707
2024-05-13 09:15:00,800872.1667871533
2024-05-14 09:15:00,811661.7977633738
2024-05-15 09:15:00,815779.4330791783
2024-05-16 09:15:00,822064.44029635
2024-05-17 09:15:00,833811.7279589969
2024-05-18 09:15:00,840569.9764715707
2024-05-21 09:15:00,844189.7186191651
2024-05-22 09:15:00,848480.1076186447
2024-05-23 09:15:00,849075.172197817
2024-05-24 09:15:00,847547.7404089831
2024-05-27 09:15:00,848279.0176024062
2024-05-28 09:15:00,843636.7347378874
2024-05-29 09:15:00,846954.8585738391
2024-05-30 09:15:00,835862.0419856042
2024-05-31 09:15:00,839663.9050119144
2024-06-03 09:15:00,855842.5979432329
2024-06-04 09:15:00,805506.7888500533
2024-06-05 09:15:00,830851.7714818333
2024-06-06 09:15:00,851043.2615335739
2024-06-07 09:15:00,865617.5033875145
2024-06-10 09:15:00,876167.8947541212
2024-06-11 09:15:00,881178.8962343773
2024-06-12 09:15:00,888966.5552865355
2024-06-13 09:15:00,897988.1382481165
2024-06-14 09:15:00,904813.039698272
2024-06-18 09:15:00,913135.3192448547
2024-06-19 09:15:00,910827.8994600041
2024-06-20 09:15:00,919475.9842280617
2024-06-21 09:15:00,916770.0269576296
2024-06-24 09:15:00,916574.4199657644
2024-06-25 09:15:00,916561.2817403143
2024-06-26 09:15:00,915737.1623420968
2024-06-27 09:15:00,912355.806514877
2024-06-28 09:15:00,914045.3731008061
2024-07-01 09:15:00,929018.6297078152
2024-07-02 09:15:00,929484.561429447
2024-07-03 09:15:00,937631.5175381597
2024-07-04 09:15:00,942241.0904135996
2024-07-05 09:15:00,946482.5016403747
2024-07-08 09:15:00,949208.8336721177
2024-07-09 09:15:00,951413.9532941884
2024-07-10 09:15:00,944797.820654497
2024-07-11 09:15:00,951380.3142526079
2024-07-12 09:15:00,951359.1757186993
2024-07-15 09:15:00,957936.3866938405
2024-07-16 09:15:00,957607.0788987457
2024-07-18 09:15:00,949597.6176068255
2024-07-19 09:15:00,929403.5571464286
2024-07-22 09:15:00,938400.089556626
2024-07-23 09:15:00,932054.4158112427
2024-07-24 09:15:00,941175.4384537499
2024-07-25 09:15:00,941326.5392000106
2024-07-26 09:15:00,951064.9723716582
2024-07-29 09:15:00,961724.41328895
2024-07-30 09:15:00,969138.3156694347
2024-07-31 09:15:00,970957.990168531
2024-08-01 09:15:00,967483.9377407107
2024-08-02 09:15:00,957485.3413986451
2024-08-05 09:15:00,926917.8186845771
2024-08-06 09:15:00,926395.2013247166
2024-08-07 09:15:00,944265.8883698231
2024-08-08 09:15:00,940116.3124521825
2024-08-09 09:15:00,944230.8098542464
2024-08-12 09:15:00,946470.2233812612
2024-08-13 09:15:00,936410.7801288444
2024-08-14 09:15:00,930202.0035523539
2024-08-16 09:15:00,944675.461901031
2024-08-19 09:15:00,953525.6527852211
2024-08-20 09:15:00,958999.6109481417
2024-08-21 09:15:00,967337.9909973536
2024-08-22 09:15:00,967649.2641700178
2024-08-23 09:15:00,969430.7591288288
2024-08-26 09:15:00,974722.2613418777
2024-08-27 09:15:00,976446.7377246445
2024-08-28 09:15:00,976853.0166155102
2024-08-29 09:15:00,973945.1697761714
2024-08-30 09:15:00,980064.929846805
2024-09-02 09:15:00,980882.6990381773
2024-09-03 09:15:00,986714.3599568622
2024-09-04 09:15:00,984410.1456347805
2024-09-05 09:15:00,988954.8514616656
2024-09-06 09:15:00,979796.6156804757
2024-09-09 09:15:00,976832.0709136439
2024-09-10 09:15:00,986051.4593834695
2024-09-11 09:15:00,979486.9467914978
2024-09-12 09:15:00,986699.728427311
2024-09-13 09:15:00,991937.7607029716
2024-09-16 09:15:00,995664.6488303321
2024-09-17 09:15:00,993069.2980721685
2024-09-18 09:15:00,989218.0855613367
2024-09-19 09:15:00,981808.2635164086
2024-09-20 09:15:00,990656.5353587335
2024-09-23 09:15:00,998997.3838815392
2024-09-24 09:15:00,999469.3074710881
2024-09-25 09:15:00,994667.1680150293
2024-09-26 09:15:00,993806.3947537555
2024-09-27 09:15:00,994739.6613578082
2024-09-30 09:15:00,993740.6921674453
2024-10-01 09:15:00,997759.7760043397
2024-10-03 09:15:00,979209.9423302859
2024-10-04 09:15:00,971367.0660596626
2024-10-07 09:15:00,947161.8247723856
2024-10-08 09:15:00,967838.7741374682
2024-10-09 09:15:00,980116.188338164
2024-10-10 09:15:00,981976.7207144187
2024-10-11 09:15:00,983385.0517942337
2024-10-14 09:15:00,984829.7453790052
2024-10-15 09:15:00,988491.0130038445
2024-10-16 09:15:00,990815.3131272615
2024-10-17 09:15:00,976450.5986626191
2024-10-18 09:15:00,972936.1835954409
2024-10-21 09:15:00,959558.5988625436
2024-10-22 09:15:00,934074.0208846835
2024-10-23 09:15:00,941612.4086088446
2024-10-24 09:15:00,935593.408847241
2024-10-25 09:15:00,916037.8937852578
2024-10-28 09:15:00,922777.3726493288
2024-10-29 09:15:00,931067.079796992
2024-10-30 09:15:00,937902.8911696202
2024-10-31 09:15:00,943691.8242796208
2024-11-01 18:00:00,948648.8235825431
2024-11-04 09:15:00,936926.0001347727
2024-11-05 09:15:00,941913.9998564968
2024-11-06 09:15:00,962756.4368058948
2024-11-07 09:15:00,955930.7504582526
2024-11-08 09:15:00,941964.8163182164
2024-11-11 09:15:00,934831.146301141
2024-11-12 09:15:00,923174.3511334483
2024-11-13 09:15:00,899958.6911912914
2024-11-14 09:15:00,903529.2599902991
2024-11-18 09:15:00,899362.4849247851
2024-11-19 09:15:00,906556.0667163586
2024-11-21 09:15:00,900514.7010011283
2024-11-22 09:15:00,912970.4927069439
2024-11-25 09:15:00,931719.8754349311
2024-11-26 09:15:00,932695.9186235181
2024-11-27 09:15:00,939321.2177814784
2024-11-28 09:15:00,939907.7627356705
2024-11-29 09:15:00,945640.9463991175
2024-12-02 09:15:00,951507.426826701
2024-12-03 09:15:00,960192.7728700538
2024-12-04 09:15:00,968269.7409659686
2024-12-05 09:15:00,969700.9496565273
2024-12-06 09:15:00,973324.7434838088
2024-12-09 09:15:00,972453.650377479
2024-12-10 09:15:00,977156.7575962126
2024-12-11 09:15:00,980678.5431070216
2024-12-12 09:15:00,974830.7934363001
2024-12-13 09:15:00,974596.0950860267
2024-12-16 09:15:00,978685.0549830672
2024-12-17 09:15:00,970186.585491668
2024-12-18 09:15:00,964230.122878234
2024-12-19 09:15:00,959959.8905483655
2024-12-20 09:15:00,942866.147793898
2024-12-23 09:15:00,939026.8283987844
2024-12-24 09:15:00,942123.5723831486
2024-12-26 09:15:00,941379.6223724844
2024-12-27 09:15:00,942678.8414797287
2024-12-30 09:15:00,936560.5441098852
2024-12-31 09:15:00,942204.5788300579
2025-01-01 09:15:00,945132.0890193647
2025-01-02 09:15:00,952339.1796345403
2025-01-03 09:15:00,950541.2021967586
2025-01-06 09:15:00,927633.2232041965
2025-01-07 09:15:00,935453.9412240041
2025-01-08 09:15:00,924860.4347083258
2025-01-09 09:15:00,919410.8318727594
2025-01-10 09:15:00,903733.0164738399
2025-01-13 09:15:00,872660.804786463
2025-01-14 09:15:00,884943.9597733149
2025-01-15 09:15:00,889596.2937048717
2025-01-16 09:15:00,899186.6648380994
2025-01-17 09:15:00,903466.6066405656
2025-01-20 09:15:00,910307.7239395204
2025-01-21 09:15:00,891308.5131343263
2025-01-22 09:15:00,882161.8898641468
2025-01-23 09:15:00,890265.7664444939
2025-01-24 09:15:00,872586.6377219347
2025-01-27 09:15:00,852227.2951916826
2025-01-28 09:15:00,844172.4628765575
2025-01-29 09:15:00,863425.4554697187
2025-01-30 09:15:00,865707.5814921118
2025-01-31 09:15:00,879830.4190483793
2025-02-01 09:15:00,880312.8365023995
2025-02-03 09:15:00,868672.1363747166
2025-02-04 09:15:00,877304.7377032845
2025-02-05 09:15:00,885023.9977016142
2025-02-06 09:15:00,882785.3030564663
2025-02-07 09:15:00,882373.3306003233
2025-02-10 09:15:00,868135.6138486882
2025-02-11 09:15:00,845097.1641446599
2025-02-12 09:15:00,840779.1887713658
2025-02-13 09:15:00,840126.7182045209
2025-02-14 09:15:00,820449.6495976415
2025-02-17 09:15:00,822344.9468210738
2025-02-18 09:15:00,817477.7643969393
2025-02-19 09:15:00,825608.999330442
2025-02-20 09:15:00,833659.1158569995
2025-02-21 09:15:00,826451.283555361
2025-02-24 09:15:00,820649.5797275715
2025-02-25 09:15:00,815928.4019633178
2025-02-27 09:15:00,806902.9187796753
2025-02-28 09:15:00,788976.7199676944
2025-03-03 09:15:00,786348.1392395155
2025-03-04 09:15:00,792383.122478613
2025-03-05 09:15:00,813420.7268185812
2025-03-06 09:15:00,823628.1807733388
2025-03-07 09:15:00,825508.0286991076
2025-03-10 09:15:00,812344.4762793385
2025-03-11 09:15:00,811751.8368439209
2025-03-12 09:15:00,808840.3485306887
2025-03-13 09:15:00,806238.5494422029
2025-03-17 09:15:00,809221.9521553165
2025-03-18 09:15:00,825873.7049135028
2025-03-19 09:15:00,839820.8184914978
2025-03-20 09:15:00,844502.2038478724
2025-03-21 09:15:00,857139.4910320843
2025-03-24 09:15:00,867496.294405544
2025-03-25 09:15:00,857070.8000411093
2025-03-26 09:15:00,848036.8199989283
2025-03-27 09:15:00,857185.6793758757
2025-03-28 09:15:00,852458.82140259
2025-04-01 09:15:00,850594.599733404
2025-04-02 09:15:00,853100.7499828519
