,returns
2019-10-24 09:15:00,0.0
2019-10-25 09:15:00,0.008604594057200377
2019-10-27 18:00:00,0.0001388056338678112
2019-10-29 09:15:00,0.010379652516686821
2019-10-30 09:15:00,0.003785028961930781
2019-10-31 09:15:00,0.006200292814668273
2019-11-01 09:15:00,0.0021490166687152534
2019-11-04 09:15:00,0.004999374895712894
2019-11-05 09:15:00,-0.00920891118503031
2019-11-06 09:15:00,-0.002461467134772355
2019-11-07 09:15:00,0.002774678529134933
2019-11-08 09:15:00,-0.009914568208048924
2019-11-11 09:15:00,0.006910913454960754
2019-11-13 09:15:00,-0.006789151767594426
2019-11-14 09:15:00,-0.0016076780510898558
2019-11-15 09:15:00,-0.0005228403203905163
2019-11-18 09:15:00,0.005128243223370799
2019-11-19 09:15:00,0.00112833988147365
2019-11-20 09:15:00,-0.00020702316969400947
2019-11-21 09:15:00,-0.0027460067453458636
2019-11-22 09:15:00,-0.0005389890268585606
2019-11-25 09:15:00,0.009652174261818747
2019-11-26 09:15:00,-0.0024649838372913235
2019-11-27 09:15:00,0.004145605634946925
2019-11-28 09:15:00,0.0021666723362501195
2019-11-29 09:15:00,0.0036666568792413923
2019-12-02 09:15:00,-0.004388301773253445
2019-12-03 09:15:00,-0.008332720695167106
2019-12-04 09:15:00,0.005812248626162697
2019-12-05 09:15:00,-0.005307493487152093
2019-12-06 09:15:00,-0.009032363689903011
2019-12-09 09:15:00,-0.00011600470628514437
2019-12-10 09:15:00,-0.010296572942292026
2019-12-11 09:15:00,-0.0006976796886445369
2019-12-12 09:15:00,0.009376082898360671
2019-12-13 09:15:00,0.00958651117733833
2019-12-16 09:15:00,-0.002881482644015221
2019-12-17 09:15:00,0.011691870199184606
2019-12-18 09:15:00,0.001849187437240829
2019-12-19 09:15:00,0.0037275019954279287
2019-12-20 09:15:00,0.002104445048779713
2019-12-23 09:15:00,7.417954022037598e-05
2019-12-24 09:15:00,-0.002693338295733816
2019-12-26 09:15:00,0.0009756889420491355
2019-12-27 09:15:00,0.004490041976954462
2019-12-30 09:15:00,0.0024647862644022744
2019-12-31 09:15:00,0.002095359992404733
2020-01-01 09:15:00,0.005638144473655959
2020-01-02 09:15:00,0.017283284476971916
2020-01-03 09:15:00,0.0013362412946418267
2020-01-06 09:15:00,-0.01964808399649054
2020-01-07 09:15:00,0.011845069777675521
2020-01-08 09:15:00,-0.00032035709996736106
2020-01-09 09:15:00,0.016271158517189965
2020-01-10 09:15:00,0.003864620797439322
2020-01-13 09:15:00,0.008175287387037766
2020-01-14 09:15:00,0.007948813055395965
2020-01-15 09:15:00,0.007016050765580983
2020-01-16 09:15:00,0.005631945853878273
2020-01-17 09:15:00,0.000801807797635723
2020-01-20 09:15:00,-0.005466455914167168
2020-01-21 09:15:00,-0.005647118403278473
2020-01-22 09:15:00,0.003524617218405135
2020-01-23 09:15:00,0.010348036349931533
2020-01-24 09:15:00,0.006757593614256097
2020-01-27 09:15:00,-0.0004983435763993294
2020-01-28 09:15:00,-0.007219153549861579
2020-01-29 09:15:00,-0.0002856323891036183
2020-01-30 09:15:00,-0.012970384555757386
2020-01-31 09:15:00,-0.005776589483287631
2020-02-01 09:15:00,-0.02755986827880119
2020-02-03 09:15:00,0.00022490096005078897
2020-02-04 09:15:00,0.01178194796422094
2020-02-05 09:15:00,0.009237566434203925
2020-02-06 09:15:00,0.006301963020540313
2020-02-07 09:15:00,0.0017134589496523578
2020-02-10 09:15:00,-0.010222239241259756
2020-02-11 09:15:00,-0.002117312026790441
2020-02-12 09:15:00,-0.003602915136118323
2020-02-13 09:15:00,-0.005327782774508516
2020-02-14 09:15:00,-0.012154532073847202
2020-02-17 09:15:00,-0.01395374002050176
2020-02-18 09:15:00,-0.00374192848366639
2020-02-19 09:15:00,0.01472055250864579
2020-02-20 09:15:00,-0.0005132869217274738
2020-02-24 09:15:00,-0.02035867979859285
2020-02-25 09:15:00,-0.005423985285698318
2020-02-26 09:15:00,-0.0133135227687311
2020-02-27 09:15:00,-0.010409947657264551
2020-02-28 09:15:00,-0.0395935026188714
2020-03-02 09:15:00,0.0007222041282184399
2020-03-03 09:15:00,0.01925128442669033
2020-03-04 09:15:00,-0.007773744732563537
2020-03-05 09:15:00,0.003498873744694375
2020-03-06 09:15:00,-0.01774162551749725
2020-03-09 09:15:00,-0.04328422403428667
2020-03-11 09:15:00,-0.006201255323634802
2020-03-12 09:15:00,-0.08704544455435015
2020-03-13 09:15:00,0.021671720230618474
2020-03-16 09:15:00,-0.05238241003075983
2020-03-17 09:15:00,-0.020504928939973577
2020-03-18 09:15:00,-0.05238290765306708
2020-03-19 09:15:00,-0.04387266368623455
2020-03-20 09:15:00,0.04039401467470971
2020-03-23 09:15:00,-0.11224859880970395
2020-03-24 09:15:00,-0.004646518222586105
2020-03-25 09:15:00,0.0344405465790496
2020-03-26 09:15:00,0.03558695114515076
2020-03-27 09:15:00,0.002550432073879172
2020-03-30 09:15:00,-0.013160324065851436
2020-03-31 09:15:00,0.04044902145941487
2020-04-01 09:15:00,-0.010257923150840176
2020-04-03 09:15:00,-0.0065729642040369685
2020-04-07 09:15:00,0.05313042615853525
2020-04-08 09:15:00,0.01956756311215857
2020-04-09 09:15:00,0.03780498526196441
2020-04-13 09:15:00,0.0031117376730516177
2020-04-15 09:15:00,0.020322548753184844
2020-04-16 09:15:00,0.01183018927992574
2020-04-17 09:15:00,0.01511692835403422
2020-04-20 09:15:00,0.0042230607989401925
2020-04-21 09:15:00,-0.021489453440454054
2020-04-22 09:15:00,0.007629696467621461
2020-04-23 09:15:00,0.014295095392506285
2020-04-24 09:15:00,-0.018993953927683327
2020-04-27 09:15:00,0.0065286590225765995
2020-04-28 09:15:00,0.003955850745981371
2020-04-29 09:15:00,0.009780321220992816
2020-04-30 09:15:00,0.020143271911209126
2020-05-04 09:15:00,-0.031802499827105035
2020-05-05 09:15:00,-0.006587695799965432
2020-05-06 09:15:00,0.003807726039339432
2020-05-07 09:15:00,-0.004201772852102326
2020-05-08 09:15:00,-0.0018434857946084682
2020-05-11 09:15:00,-0.0014058623723512964
2020-05-12 09:15:00,-0.007192891347831187
2020-05-13 09:15:00,0.021613986194161328
2020-05-14 09:15:00,-0.009339777254046111
2020-05-15 09:15:00,-0.0013638260899756505
2020-05-18 09:15:00,-0.03089350132919677
2020-05-19 09:15:00,0.001779520895191844
2020-05-20 09:15:00,0.011955612635946133
2020-05-21 09:15:00,0.008289110800685506
2020-05-22 09:15:00,-0.005054678768580456
2020-05-26 09:15:00,0.003484393590079682
2020-05-27 09:15:00,0.00957310362410424
2020-05-28 09:15:00,0.020172567825555543
2020-05-29 09:15:00,0.01711339388305544
2020-06-01 09:15:00,0.023866745391817545
2020-06-02 09:15:00,0.012574547961568205
2020-06-03 09:15:00,0.01027191177098774
2020-06-04 09:15:00,-0.0004089559530310316
2020-06-05 09:15:00,0.023267212095676282
2020-06-08 09:15:00,0.011953120871188272
2020-06-09 09:15:00,-0.002636683979975629
2020-06-10 09:15:00,0.006039786793211599
2020-06-11 09:15:00,-0.013388826754258565
2020-06-12 09:15:00,0.00023015531288161917
2020-06-15 09:15:00,-0.0021392095074758144
2020-06-16 09:15:00,0.001112839344549199
2020-06-17 09:15:00,0.002671892180993396
2020-06-18 09:15:00,0.016609096234169396
2020-06-19 09:15:00,0.010683731676456087
2020-06-22 09:15:00,0.017835495934688916
2020-06-23 09:15:00,0.019416850600619817
2020-06-24 09:15:00,-0.01347350783268153
2020-06-25 09:15:00,0.004674974316984271
2020-06-26 09:15:00,0.006649510192181962
2020-06-29 09:15:00,-0.007741374792352929
2020-06-30 09:15:00,-0.006289534201743496
2020-07-01 09:15:00,0.001140877112515204
2020-07-02 09:15:00,0.005632295186025704
2020-07-03 09:15:00,0.002561979921170243
2020-07-06 09:15:00,0.01665611478203899
2020-07-07 09:15:00,9.892447877457577e-05
2020-07-08 09:15:00,-0.0029826144805595867
2020-07-09 09:15:00,0.004447580726404166
2020-07-10 09:15:00,-0.0025034226688339656
2020-07-13 09:15:00,0.0020687353057302627
2020-07-14 09:15:00,-0.011700088388103325
2020-07-15 09:15:00,-0.002595680291885394
2020-07-16 09:15:00,0.0034799893832029305
2020-07-17 09:15:00,0.015376297114234605
2020-07-20 09:15:00,0.010378067996572815
2020-07-21 09:15:00,0.0028256233475256742
2020-07-22 09:15:00,-0.001395554197985538
2020-07-23 09:15:00,0.008085628178560622
2020-07-24 09:15:00,-0.0038464932929249684
2020-07-27 09:15:00,-0.008946530510588246
2020-07-28 09:15:00,0.005961833405905725
2020-07-29 09:15:00,0.003913699294717077
2020-07-30 09:15:00,-0.0002906012136394409
2020-07-31 09:15:00,0.007451265722038025
2020-08-03 09:15:00,0.008806342519509291
2020-08-04 09:15:00,0.011012140015872696
2020-08-05 09:15:00,0.001737993761772083
2020-08-06 09:15:00,0.007210128980343233
2020-08-07 09:15:00,0.007195724007266868
2020-08-10 09:15:00,0.014038526784350358
2020-08-11 09:15:00,0.0028141675744230987
2020-08-12 09:15:00,0.0032037258874475505
2020-08-13 09:15:00,0.010101818731028
2020-08-14 09:15:00,-0.008936040141350188
2020-08-17 09:15:00,0.007821618132198394
2020-08-18 09:15:00,0.01008341913927624
2020-08-19 09:15:00,0.008267279498493263
2020-08-20 09:15:00,0.006268380988514455
2020-08-21 09:15:00,0.010461651390486715
2020-08-24 09:15:00,0.008461737514320333
2020-08-25 09:15:00,0.0007209835672841169
2020-08-26 09:15:00,0.005928175784174039
2020-08-27 09:15:00,0.005833487689803185
2020-08-28 09:15:00,-0.0020499446092194784
2020-08-31 09:15:00,-0.03664444909228548
2020-09-01 09:15:00,0.005240790855158384
2020-09-02 09:15:00,0.012017463335457057
2020-09-03 09:15:00,0.0033347398221630353
2020-09-04 09:15:00,-0.010527117962722321
2020-09-07 09:15:00,-0.003384366966532104
2020-09-08 09:15:00,-0.007187999154580682
2020-09-09 09:15:00,-0.009178934558377816
2020-09-10 09:15:00,0.011233555408548535
2020-09-11 09:15:00,0.0032749868397170534
2020-09-14 09:15:00,0.02427757760457916
2020-09-15 09:15:00,0.010478210732761672
2020-09-16 09:15:00,0.0025361517416446766
2020-09-17 09:15:00,-0.0034491946852894806
2020-09-18 09:15:00,9.694224478096203e-05
2020-09-21 09:15:00,-0.03233532696430674
2020-09-22 09:15:00,-0.008561088531871652
2020-09-23 09:15:00,0.0019442624633123629
2020-09-24 09:15:00,-0.02432433312767579
2020-09-25 09:15:00,0.025090618225624084
2020-09-28 09:15:00,0.019120700291965775
2020-09-29 09:15:00,-0.002710071181725948
2020-09-30 09:15:00,0.0017046747237163817
2020-10-01 09:15:00,0.004819571037038228
2020-10-05 09:15:00,0.0040500294192222785
2020-10-06 09:15:00,0.0015382821831422255
2020-10-07 09:15:00,-0.0061632462481145955
2020-10-08 09:15:00,-0.0015597888904351764
2020-10-09 09:15:00,-0.0015175671372604782
2020-10-12 09:15:00,-0.0094292037183481
2020-10-13 09:15:00,-0.0017033150090043359
2020-10-14 09:15:00,0.001338433771963965
2020-10-15 09:15:00,-0.013975972246274226
2020-10-16 09:15:00,0.012089284449601223
2020-10-19 09:15:00,0.012657029263167363
2020-10-20 09:15:00,0.0022018761345952154
2020-10-21 09:15:00,0.0024772244875870264
2020-10-22 09:15:00,0.0062002576503208395
2020-10-23 09:15:00,0.003328983882778802
2020-10-26 09:15:00,-0.011463174069381021
2020-10-27 09:15:00,0.003915031309640105
2020-10-28 09:15:00,-0.006904133028018511
2020-10-29 09:15:00,-0.0037176375960454866
2020-10-30 09:15:00,0.0020386608340512424
2020-11-02 09:15:00,-0.002674726919310366
2020-11-03 09:15:00,0.005075020137192965
2020-11-04 09:15:00,0.0002986121741070935
2020-11-05 09:15:00,0.01908414379354917
2020-11-06 09:15:00,0.005698053815038406
2020-11-09 09:15:00,0.006557444519615041
2020-11-10 09:15:00,-0.0032008072266733745
2020-11-11 09:15:00,0.007222373126917425
2020-11-12 09:15:00,0.006194300593806545
2020-11-13 09:15:00,0.005469815844463488
2020-11-14 18:00:00,0.006974495021988547
2020-11-17 09:15:00,0.007971793930625415
2020-11-18 09:15:00,0.0071319553118580625
2020-11-19 09:15:00,-0.0022127772114622912
2020-11-20 09:15:00,0.007669236331959706
2020-11-23 09:15:00,0.016356039766333152
2020-11-24 09:15:00,0.00922374620996691
2020-11-25 09:15:00,-0.006576882699269149
2020-11-26 09:15:00,0.011638741612414627
2020-11-27 09:15:00,0.01734050456585612
2020-12-01 09:15:00,0.012183615707513695
2020-12-02 09:15:00,0.007569383280594755
2020-12-03 09:15:00,0.005872829800058543
2020-12-04 09:15:00,0.0016316628254222643
2020-12-07 09:15:00,0.008313273875780292
2020-12-08 09:15:00,-0.002008555854049021
2020-12-09 09:15:00,0.010654590486365745
2020-12-10 09:15:00,-0.0030434564858824453
2020-12-11 09:15:00,0.005865087377234124
2020-12-14 09:15:00,0.011484994915444302
2020-12-15 09:15:00,0.000707685883142295
2020-12-16 09:15:00,0.012132231971481833
2020-12-17 09:15:00,0.001241106888646204
2020-12-18 09:15:00,-0.0019915618951201752
2020-12-21 09:15:00,-0.04709204832007219
2020-12-22 09:15:00,0.007927178220424658
2020-12-23 09:15:00,0.021239843086320764
2020-12-24 09:15:00,0.006978718992206812
2020-12-28 09:15:00,0.017048491753005823
2020-12-29 09:15:00,0.005235522449485552
2020-12-30 09:15:00,0.000923565779763047
2020-12-31 09:15:00,0.0005272105330569321
2021-01-01 09:15:00,0.008889772898628578
2021-01-04 09:15:00,0.01588375349019233
2021-01-05 09:15:00,0.00806605047977027
2021-01-06 09:15:00,-4.3520722267986756e-05
2021-01-07 09:15:00,0.011336677487746583
2021-01-08 09:15:00,0.011586002881013968
2021-01-11 09:15:00,0.002689770972150951
2021-01-12 09:15:00,0.0003762123233463921
2021-01-13 09:15:00,-0.005811245338310567
2021-01-14 09:15:00,0.0036360636555818893
2021-01-15 09:15:00,-0.013866194321004777
2021-01-18 09:15:00,-0.016372379312216023
2021-01-19 09:15:00,0.015812141308153116
2021-01-20 09:15:00,0.0031648813750158045
2021-01-21 09:15:00,-0.006047648306248377
2021-01-22 09:15:00,-0.010408045018209577
2021-01-25 09:15:00,-0.010614601532400236
2021-01-27 09:15:00,-0.003393834927158834
2021-01-28 09:15:00,0.0004549656055599094
2021-01-29 09:15:00,-0.004572048445998567
2021-02-01 09:15:00,0.02121318585836396
2021-02-02 09:15:00,0.013287010398753907
2021-02-03 09:15:00,0.009232850417972394
2021-02-04 09:15:00,0.009649886515793682
2021-02-05 09:15:00,-0.0037266591519424797
2021-02-08 09:15:00,0.015698441982830547
2021-02-09 09:15:00,-0.003738564209518347
2021-02-10 09:15:00,0.005269961982352189
2021-02-11 09:15:00,0.006664075864968089
2021-02-12 09:15:00,-0.002338854732405582
2021-02-15 09:15:00,0.0008012002800155127
2021-02-16 09:15:00,0.0031551542571752744
2021-02-17 09:15:00,0.007094385413206394
2021-02-18 09:15:00,0.012738913327483337
2021-02-19 09:15:00,-0.007228552746700201
2021-02-22 09:15:00,-0.010060866502236032
2021-02-23 09:15:00,0.01157371128376794
2021-02-24 09:15:00,0.01107895466171116
2021-02-25 09:15:00,0.022017266564184013
2021-02-26 09:15:00,-0.010885659112824797
2021-03-01 09:15:00,0.020178738261644957
2021-03-02 09:15:00,0.01071485603907174
2021-03-03 09:15:00,0.01424626053863931
2021-03-04 09:15:00,0.00698874005571426
2021-03-05 09:15:00,-0.01383583062542415
2021-03-08 09:15:00,0.005613794263668037
2021-03-09 09:15:00,-0.00654518281443961
2021-03-10 09:15:00,0.011049825629159793
2021-03-12 09:15:00,-0.0031290875750124014
2021-03-15 09:15:00,-0.004922166688869245
2021-03-16 09:15:00,0.005763062389148699
2021-03-17 09:15:00,-0.02151137361174249
2021-03-18 09:15:00,-0.012437886747754145
2021-03-19 09:15:00,0.0058081628487731685
2021-03-22 09:15:00,0.004068493346069957
2021-03-23 09:15:00,0.003265307638280257
2021-03-24 09:15:00,-0.016417229777259235
2021-03-25 09:15:00,-0.015348214702705754
2021-03-26 09:15:00,0.012656597969109118
2021-03-30 09:15:00,0.012606599607073887
2021-03-31 09:15:00,0.003160710632843289
2021-04-01 09:15:00,0.015618665541288435
2021-04-05 09:15:00,-0.01444645588850113
2021-04-06 09:15:00,0.006896276480341079
2021-04-07 09:15:00,0.014593795023114975
2021-04-08 09:15:00,0.008993235266743449
2021-04-09 09:15:00,0.0025744220723498135
2021-04-12 09:15:00,-0.04470203229436098
2021-04-13 09:15:00,0.01306501091796508
2021-04-15 09:15:00,0.0032797018139782974
2021-04-16 09:15:00,0.009712678331656122
2021-04-19 09:15:00,-0.0166735331692619
2021-04-20 09:15:00,0.0008194915401331659
2021-04-22 09:15:00,0.0035035890725874097
2021-04-23 09:15:00,0.002384064527112262
2021-04-26 09:15:00,0.004472615093983778
2021-04-27 09:15:00,0.018993918404695442
2021-04-28 09:15:00,0.010667311918783007
2021-04-29 09:15:00,-5.406923287853971e-05
2021-04-30 09:15:00,0.004661003608053438
2021-05-03 09:15:00,0.01373512666933796
2021-05-04 09:15:00,-0.005082851100092767
2021-05-05 09:15:00,0.01401733530288718
2021-05-06 09:15:00,0.007562867374469651
2021-05-07 09:15:00,0.005215286194485413
2021-05-10 09:15:00,0.012070111978394138
2021-05-11 09:15:00,0.01152925823751616
2021-05-12 09:15:00,-0.002766159437313065
2021-05-14 09:15:00,-0.01065763530544317
2021-05-17 09:15:00,0.014142647688481613
2021-05-18 09:15:00,0.010719105193391698
2021-05-19 09:15:00,0.002659319813857808
2021-05-20 09:15:00,-0.0015665182594108984
2021-05-21 09:15:00,0.004370318005674001
2021-05-24 09:15:00,0.008403274782810666
2021-05-25 09:15:00,0.006270522886878016
2021-05-26 09:15:00,0.005919716578528744
2021-05-27 09:15:00,0.0017418553981978224
2021-05-28 09:15:00,-0.0016467407171925075
2021-05-31 09:15:00,0.003976352127706528
2021-06-01 09:15:00,-0.0015267211001316339
2021-06-02 09:15:00,0.00933118561839863
2021-06-03 09:15:00,0.010659660017639405
2021-06-04 09:15:00,0.003980760765463387
2021-06-07 09:15:00,0.00912063896032489
2021-06-08 09:15:00,0.006718586248944947
2021-06-09 09:15:00,-0.005506953895773492
2021-06-10 09:15:00,0.015944008956270128
2021-06-11 09:15:00,0.004370635605742912
2021-06-14 09:15:00,-0.0013664848010745967
2021-06-15 09:15:00,0.007776025327385749
2021-06-16 09:15:00,-0.002330338394837095
2021-06-17 09:15:00,-0.006215917264337567
2021-06-18 09:15:00,-0.006290146438593491
2021-06-21 09:15:00,0.008422353880435551
2021-06-22 09:15:00,0.007443296899204421
2021-06-23 09:15:00,-0.00047031235826078266
2021-06-24 09:15:00,-0.001783819484746263
2021-06-25 09:15:00,0.004330114019575726
2021-06-28 09:15:00,0.0033438753876167127
2021-06-29 09:15:00,-0.0006408513343162392
2021-06-30 09:15:00,0.0031144963792242297
2021-07-01 09:15:00,0.0051087674363785585
2021-07-02 09:15:00,0.004535104691095526
2021-07-05 09:15:00,0.009137573383044328
2021-07-06 09:15:00,-0.0017962567923756056
2021-07-07 09:15:00,0.005315337890318128
2021-07-08 09:15:00,-0.0043354787922867954
2021-07-09 09:15:00,0.0033753675586587484
2021-07-12 09:15:00,0.004545467646833945
2021-07-13 09:15:00,0.0017956986659686258
2021-07-14 09:15:00,0.004350217922384658
2021-07-15 09:15:00,0.00479055008173912
2021-07-16 09:15:00,0.005469230787629398
2021-07-19 09:15:00,-0.005736844295679888
2021-07-20 09:15:00,-0.012960131645676443
2021-07-22 09:15:00,0.011997075357881748
2021-07-23 09:15:00,-0.002100655479434499
2021-07-26 09:15:00,0.0005388752955650666
2021-07-27 09:15:00,-0.005939985594042296
2021-07-28 09:15:00,-0.006499028888881986
2021-07-29 09:15:00,0.005321905137500638
2021-07-30 09:15:00,0.007394163652604924
2021-08-02 09:15:00,0.007537650372821281
2021-08-03 09:15:00,0.0021611544228701263
2021-08-04 09:15:00,-0.009323644587774571
2021-08-05 09:15:00,-0.0039606942669152545
2021-08-06 09:15:00,-0.0011411279943230879
2021-08-09 09:15:00,-0.0072281036177473945
2021-08-10 09:15:00,-0.014655409092858118
2021-08-11 09:15:00,-0.006981695718646708
2021-08-12 09:15:00,0.016515466100427645
2021-08-13 09:15:00,-5.3973998978551485e-05
2021-08-16 09:15:00,-0.0033407128005554787
2021-08-17 09:15:00,-0.0037442285320201663
2021-08-18 09:15:00,-0.0003614021718252314
2021-08-20 09:15:00,-0.018345320360678485
2021-08-23 09:15:00,-0.014183800996742213
2021-08-24 09:15:00,0.011916548199742083
2021-08-25 09:15:00,0.008872955119906267
2021-08-26 09:15:00,0.0012349861019218533
2021-08-27 09:15:00,0.007234620407765346
2021-08-30 09:15:00,0.016651514243472887
2021-08-31 09:15:00,0.006552264887335735
2021-09-01 09:15:00,-0.000638037434889771
2021-09-02 09:15:00,0.014073913969651741
2021-09-03 09:15:00,0.0024666508332460424
2021-09-06 09:15:00,0.0027749630002669168
2021-09-07 09:15:00,-0.0034023594704652993
2021-09-08 09:15:00,0.0030398817218590946
2021-09-09 09:15:00,0.002352647134132635
2021-09-13 09:15:00,0.008854119477314848
2021-09-14 09:15:00,0.005444776338200175
2021-09-15 09:15:00,0.007516977701312655
2021-09-16 09:15:00,0.0026302472633148444
2021-09-17 09:15:00,-0.007077267190098824
2021-09-20 09:15:00,-0.017072985193000823
2021-09-21 09:15:00,0.004580673288150372
2021-09-22 09:15:00,0.01067152563488527
2021-09-23 09:15:00,0.010143434794610107
2021-09-24 09:15:00,-0.004119039987775852
2021-09-27 09:15:00,-0.0010384765662921902
2021-09-28 09:15:00,-0.004574868858023606
2021-09-29 09:15:00,0.007461090977789464
2021-09-30 09:15:00,0.0052316851656242225
2021-10-01 09:15:00,0.0033095773496238934
2021-10-04 09:15:00,0.015039082416681282
2021-10-05 09:15:00,0.00470372577316569
2021-10-06 09:15:00,-0.0038085856068952317
2021-10-07 09:15:00,0.008312547791049951
2021-10-08 09:15:00,0.0027179850686773754
2021-10-11 09:15:00,0.005765601838872758
2021-10-12 09:15:00,0.004153323827128963
2021-10-13 09:15:00,0.005466278589202345
2021-10-14 09:15:00,0.0043378105865561345
2021-10-18 09:15:00,0.009560326253496232
2021-10-19 09:15:00,-0.011896323423373767
2021-10-20 09:15:00,-0.019767816689036488
2021-10-21 09:15:00,-0.00622077624676276
2021-10-22 09:15:00,-0.008911712053372045
2021-10-25 09:15:00,-0.014297457313917517
2021-10-26 09:15:00,0.01560615653927333
2021-10-27 09:15:00,0.004162444396279996
2021-10-28 09:15:00,-0.016567079631397252
2021-10-29 09:15:00,0.00015982229216193744
2021-11-01 09:15:00,0.015586265594905502
2021-11-02 09:15:00,0.0058699214165258695
2021-11-03 09:15:00,-0.0003708684067120771
2021-11-04 18:00:00,0.010809735023451283
2021-11-08 09:15:00,0.005492105440709549
2021-11-09 09:15:00,0.006001622602427759
2021-11-10 09:15:00,-0.002867919152054088
2021-11-11 09:15:00,-0.006732707429749851
2021-11-12 09:15:00,0.0038561896302085064
2021-11-15 09:15:00,-0.001988397282000509
2021-11-16 09:15:00,-0.002189261390330044
2021-11-17 09:15:00,-0.0058702394878004105
2021-11-18 09:15:00,-0.01331487429435807
2021-11-22 09:15:00,-0.02169175171597859
2021-11-23 09:15:00,0.013385891310829123
2021-11-24 09:15:00,0.0027995877293849336
2021-11-25 09:15:00,0.0075990605566962355
2021-11-26 09:15:00,-0.02417860706243158
2021-11-29 09:15:00,-0.014104641804014273
2021-11-30 09:15:00,0.004098334920835001
2021-12-01 09:15:00,0.006028033006300504
2021-12-02 09:15:00,0.010155270793169802
2021-12-03 09:15:00,0.004397475475507617
2021-12-06 09:15:00,-0.01433107086150942
2021-12-07 09:15:00,0.01499704477368291
2021-12-08 09:15:00,0.011880451190925845
2021-12-09 09:15:00,0.0050614457468241
2021-12-10 09:15:00,0.0075400613677441
2021-12-13 09:15:00,-0.0001652819428760166
2021-12-14 09:15:00,-0.005176511808086759
2021-12-15 09:15:00,-0.003475636299626217
2021-12-16 09:15:00,-0.0069000013156000906
2021-12-17 09:15:00,-0.01674922359727493
2021-12-20 09:15:00,-0.027232558229401183
2021-12-21 09:15:00,0.013642886399132914
2021-12-22 09:15:00,0.010480154587880985
2021-12-23 09:15:00,0.008367540459196299
2021-12-24 09:15:00,-0.006483873746762736
2021-12-27 09:15:00,0.0045549957660455664
2021-12-28 09:15:00,0.01454029244496624
2021-12-29 09:15:00,0.0018066288742486503
2021-12-30 09:15:00,0.002446588972798258
2021-12-31 09:15:00,0.008366902579707514
2022-01-03 09:15:00,0.011237728783782597
2022-01-04 09:15:00,0.005173516538229173
2022-01-05 09:15:00,0.0020898702984137874
2022-01-06 09:15:00,-0.0020881579381805127
2022-01-07 09:15:00,0.0026447623378491603
2022-01-10 09:15:00,0.011190391657957433
2022-01-11 09:15:00,0.001770226898041738
2022-01-12 09:15:00,0.006577349956772505
2022-01-13 09:15:00,0.005088924560664454
2022-01-14 09:15:00,0.0054838810937922755
2022-01-17 09:15:00,0.006112247205951382
2022-01-18 09:15:00,-0.016653734347833682
2022-01-19 09:15:00,0.0008942283451256472
2022-01-20 09:15:00,-0.0023358992742339435
2022-01-21 09:15:00,-0.019167377783660733
2022-01-24 09:15:00,-0.0379760082013717
2022-01-25 09:15:00,0.009857579754559254
2022-01-27 09:15:00,-0.009741392671362092
2022-01-28 09:15:00,0.008320825961091183
2022-01-31 09:15:00,0.010617927762334167
2022-02-01 09:15:00,0.009472206696478525
2022-02-02 09:15:00,0.016421544875045102
2022-02-03 09:15:00,0.00017351224752015781
2022-02-04 09:15:00,-0.004953068444738418
2022-02-07 09:15:00,-0.005165477410043695
2022-02-08 09:15:00,-0.00898806034470323
2022-02-09 09:15:00,0.005973037969322803
2022-02-10 09:15:00,0.0020284348965120547
2022-02-11 09:15:00,-0.015949355478782512
2022-02-14 09:15:00,-0.03597706952418889
2022-02-15 09:15:00,0.01937482148830383
2022-02-16 09:15:00,0.0013740116127676227
2022-02-17 09:15:00,-0.005706595468413678
2022-02-18 09:15:00,-0.010216088360094022
2022-02-21 09:15:00,-0.017037852751104587
2022-02-22 09:15:00,-0.014964126742815331
2022-02-23 09:15:00,0.010673466826947253
2022-02-24 09:15:00,-0.052331917542645656
2022-02-25 09:15:00,0.03904878430980019
2022-02-28 09:15:00,0.009964649399643033
2022-03-02 09:15:00,0.0010912557626001629
2022-03-03 09:15:00,0.00215412124514458
2022-03-04 09:15:00,-0.011994610588758281
2022-03-07 09:15:00,-0.015432754445314001
2022-03-08 09:15:00,0.014332399939576135
2022-03-09 09:15:00,0.016632515195236675
2022-03-10 09:15:00,0.006925006948762302
2022-03-11 09:15:00,0.010697776928189962
2022-03-14 09:15:00,0.0069163264188703
2022-03-15 09:15:00,-0.010724006957224752
2022-03-16 09:15:00,0.015025042332719174
2022-03-17 09:15:00,0.00809030552427048
2022-03-21 09:15:00,-0.001228648231956453
2022-03-22 09:15:00,0.00037077618988368144
2022-03-23 09:15:00,-0.0018146106452724409
2022-03-24 09:15:00,0.0008765615705834673
2022-03-25 09:15:00,-0.0028298089562662776
2022-03-28 09:15:00,-0.005592005595563054
2022-03-29 09:15:00,0.008295355385344427
2022-03-30 09:15:00,0.008336142821350201
2022-03-31 09:15:00,0.0007613965776565035
2022-04-01 09:15:00,0.016724181864192333
2022-04-04 09:15:00,0.019866311169420614
2022-04-05 09:15:00,0.012239545082520564
2022-04-06 09:15:00,0.00153995173505872
2022-04-07 09:15:00,-0.006001173308338159
2022-04-08 09:15:00,0.008366185868683429
2022-04-11 09:15:00,0.007745926872560593
2022-04-12 09:15:00,-0.012088373803123442
2022-04-13 09:15:00,0.0027652673050326815
2022-04-18 09:15:00,-0.006906420174806582
2022-04-19 09:15:00,-0.013414128719404061
2022-04-20 09:15:00,0.0036948472120621467
2022-04-21 09:15:00,0.015315009528357848
2022-04-22 09:15:00,-0.0040561623019162996
2022-04-25 09:15:00,-0.014387296591929832
2022-04-26 09:15:00,0.010050804309406969
2022-04-27 09:15:00,-0.007436403427070304
2022-04-28 09:15:00,0.007591721040519417
2022-04-29 09:15:00,-0.004797390581744776
2022-05-02 09:15:00,-0.00872787216568971
2022-05-04 09:15:00,-0.022031319016128648
2022-05-05 09:15:00,-0.0006276531347727543
2022-05-06 09:15:00,-0.019055091419857617
2022-05-09 09:15:00,-0.011945160954205614
2022-05-10 09:15:00,-0.016403459762141193
2022-05-11 09:15:00,-0.00926695193327165
2022-05-12 09:15:00,-0.01709498284083366
2022-05-13 09:15:00,0.009372760429485094
2022-05-16 09:15:00,0.015632453609845554
2022-05-17 09:15:00,0.02410603943422185
2022-05-18 09:15:00,0.004913895017151448
2022-05-19 09:15:00,-0.024107431340671948
2022-05-20 09:15:00,0.01925657036381856
2022-05-23 09:15:00,-0.004371438417191009
2022-05-24 09:15:00,-0.010593036945117817
2022-05-25 09:15:00,-0.024426993644686368
2022-05-26 09:15:00,0.011540050705159066
2022-05-27 09:15:00,0.012452752605906614
2022-05-30 09:15:00,0.026213196833308805
2022-05-31 09:15:00,0.0016544500126816075
2022-06-01 09:15:00,0.004871838203455825
2022-06-02 09:15:00,0.007279185096416452
2022-06-03 09:15:00,-0.01382712753025861
2022-06-06 09:15:00,-0.002820299962706163
2022-06-07 09:15:00,-0.005275776941470078
2022-06-08 09:15:00,-0.00354057588858947
2022-06-09 09:15:00,0.0028767838361165587
2022-06-10 09:15:00,-0.006933676215401308
2022-06-13 09:15:00,-0.030027262622493556
2022-06-14 09:15:00,-0.0027818005964868053
2022-06-15 09:15:00,0.0032901005989709464
2022-06-16 09:15:00,-0.024976430361241975
2022-06-17 09:15:00,-0.012050647781881696
2022-06-20 09:15:00,-0.021994492269483468
2022-06-21 09:15:00,0.030979770237376858
2022-06-22 09:15:00,-0.013112191287601549
2022-06-23 09:15:00,0.008244618111131086
2022-06-24 09:15:00,0.012893265001697962
2022-06-27 09:15:00,0.012673602407520246
2022-06-28 09:15:00,0.0024679320458682596
2022-06-29 09:15:00,-0.002979030402434857
2022-06-30 09:15:00,-0.006514174555131369
2022-07-01 09:15:00,0.00431748021669387
2022-07-04 09:15:00,0.005638984782381007
2022-07-05 09:15:00,0.0028678374017701014
2022-07-06 09:15:00,0.016016053913966433
2022-07-07 09:15:00,0.013256451240633904
2022-07-08 09:15:00,0.004888517119212121
2022-07-11 09:15:00,0.011597120447240927
2022-07-12 09:15:00,-0.004230215116795777
2022-07-13 09:15:00,-0.0006655740261617415
2022-07-14 09:15:00,-0.003782126744168557
2022-07-15 09:15:00,0.0035117836096776323
2022-07-18 09:15:00,0.013478456769502767
2022-07-19 09:15:00,0.006236208423869849
2022-07-20 09:15:00,0.004461413778956258
2022-07-21 09:15:00,0.00864449867933792
2022-07-22 09:15:00,0.002465943254079672
2022-07-25 09:15:00,-0.0027178229377209373
2022-07-26 09:15:00,-0.01100146085324738
2022-07-27 09:15:00,0.008438551136395356
2022-07-28 09:15:00,0.005560329000320552
2022-07-29 09:15:00,0.01588005670409487
2022-08-01 09:15:00,0.010695209137469908
2022-08-02 09:15:00,-0.00045778118640082965
2022-08-03 09:15:00,-0.00327878125790948
2022-08-04 09:15:00,0.0014316867053862925
2022-08-05 09:15:00,0.001911719765927078
2022-08-08 09:15:00,0.003891271962825016
2022-08-10 09:15:00,0.002565614824655338
2022-08-11 09:15:00,0.006218647135661559
2022-08-12 09:15:00,0.005077359880799603
2022-08-16 09:15:00,0.012248119606224961
2022-08-17 09:15:00,0.005777659740933805
2022-08-18 09:15:00,0.0027653795643023393
2022-08-19 09:15:00,-0.012470335449884407
2022-08-22 09:15:00,-0.01419423932599606
2022-08-23 09:15:00,0.006120277632227111
2022-08-24 09:15:00,0.0055677179095603435
2022-08-25 09:15:00,0.0019636732737180473
2022-08-26 09:15:00,0.005937029843738895
2022-08-29 09:15:00,-0.0077482358256321104
2022-08-30 09:15:00,0.01418700794228056
2022-09-01 09:15:00,-0.00025517441059574875
2022-09-02 09:15:00,-0.0007456122004254606
2022-09-05 09:15:00,0.0063158588351142075
2022-09-06 09:15:00,0.0024088345281201295
2022-09-07 09:15:00,0.013538587999219365
2022-09-08 09:15:00,0.003690688229482486
2022-09-09 09:15:00,0.00035311288646089345
2022-09-12 09:15:00,0.008694836110093584
2022-09-13 09:15:00,0.001886561073229709
2022-09-14 09:15:00,0.0016340161738757075
2022-09-15 09:15:00,-0.0022390775740144253
2022-09-16 09:15:00,-0.021121505542499808
2022-09-19 09:15:00,-0.00216744436574845
2022-09-20 09:15:00,0.012177019038216885
2022-09-21 09:15:00,-0.003971909704969856
2022-09-22 09:15:00,-0.00028892176766048827
2022-09-23 09:15:00,-0.016645467723664598
2022-09-26 09:15:00,-0.026813068217116487
2022-09-27 09:15:00,0.005917711043532892
2022-09-28 09:15:00,-0.0032491419209307315
2022-09-29 09:15:00,0.006703202281376663
2022-09-30 09:15:00,0.011129202838936259
2022-10-03 09:15:00,-0.005751923403934933
2022-10-04 09:15:00,0.015056070745782302
2022-10-06 09:15:00,0.011404424370117239
2022-10-07 09:15:00,0.0012276014351031428
2022-10-10 09:15:00,-0.005279809559290749
2022-10-11 09:15:00,-0.015678580833088263
2022-10-12 09:15:00,0.005887296750975546
2022-10-13 09:15:00,-0.003161804717726424
2022-10-14 09:15:00,0.0012275620056891867
2022-10-17 09:15:00,0.003263395389635493
2022-10-18 09:15:00,0.007591824865190944
2022-10-19 09:15:00,-0.00020648008819823538
2022-10-20 09:15:00,0.0018767824636889419
2022-10-21 09:15:00,-0.003267870629145908
2022-10-24 18:15:00,0.0070612097488713665
2022-10-25 09:15:00,0.0002639675582836176
2022-10-27 09:15:00,0.00557398291429867
2022-10-28 09:15:00,-0.005214417770032287
2022-10-31 09:15:00,0.009408325599901568
2022-11-01 09:15:00,0.003944170894012222
2022-11-02 09:15:00,0.0024821740940228487
2022-11-03 09:15:00,0.00021537812350569396
2022-11-04 09:15:00,0.003487422774679727
2022-11-07 09:15:00,0.004661046687784776
2022-11-09 09:15:00,-0.004223031384806508
2022-11-10 09:15:00,-0.007847015239889288
2022-11-11 09:15:00,0.004805517373264401
2022-11-14 09:15:00,0.0037613645796854556
2022-11-15 09:15:00,0.001215373817039067
2022-11-16 09:15:00,-0.0010470709988612548
2022-11-17 09:15:00,-0.002424313659925348
2022-11-18 09:15:00,-0.007434224064098882
2022-11-21 09:15:00,0.002525419499083359
2022-11-22 09:15:00,0.004505161467084573
2022-11-23 09:15:00,0.005071168759181566
2022-11-24 09:15:00,0.005041314539204089
2022-11-25 09:15:00,0.005389615582937823
2022-11-28 09:15:00,0.004974705158685255
2022-11-29 09:15:00,-0.0005408566514089053
2022-11-30 09:15:00,0.00883452836992693
2022-12-01 09:15:00,0.005146407839628608
2022-12-02 09:15:00,0.002378607232919938
2022-12-05 09:15:00,-0.00021219313363074477
2022-12-06 09:15:00,-0.006232318098379097
2022-12-07 09:15:00,-0.0011460537772435275
2022-12-08 09:15:00,0.004096748351156476
2022-12-09 09:15:00,-0.009788420623675576
2022-12-12 09:15:00,0.003121683381641205
2022-12-13 09:15:00,0.005956375784642809
2022-12-14 09:15:00,0.004893072709331037
2022-12-15 09:15:00,-0.0029435528667959288
2022-12-16 09:15:00,-0.009903039816174575
2022-12-19 09:15:00,0.005922335020984937
2022-12-20 09:15:00,-0.0012146604953902074
2022-12-21 09:15:00,-0.017867875561337065
2022-12-22 09:15:00,-0.016011634738023695
2022-12-23 09:15:00,-0.03941731325684461
2022-12-26 09:15:00,0.028830557516135835
2022-12-27 09:15:00,0.011790668420137873
2022-12-28 09:15:00,0.005743155928179311
2022-12-29 09:15:00,0.0025755541717553676
2022-12-30 09:15:00,0.004115184346326295
2023-01-02 09:15:00,0.008880784113618256
2023-01-03 09:15:00,0.000903976055566913
2023-01-04 09:15:00,-0.009709566783799084
2023-01-05 09:15:00,0.0030998703598468236
2023-01-06 09:15:00,-0.005726960940654724
2023-01-09 09:15:00,0.00567807705342438
2023-01-10 09:15:00,-0.004033097663684204
2023-01-11 09:15:00,-0.0025179156513133183
2023-01-12 09:15:00,0.0014673856162179533
2023-01-13 09:15:00,0.0007674427685862018
2023-01-16 09:15:00,-0.0010857788639100363
2023-01-17 09:15:00,-0.0013860426438462303
2023-01-18 09:15:00,0.001703376767760778
2023-01-19 09:15:00,-0.0018225564821015006
2023-01-20 09:15:00,-0.0054176546885957855
2023-01-23 09:15:00,0.00024635423637509035
2023-01-24 09:15:00,-0.004217555357038161
2023-01-25 09:15:00,-0.012387744819334245
2023-01-27 09:15:00,-0.017944476219971084
2023-01-30 09:15:00,-0.00377473174192422
2023-01-31 09:15:00,0.019233498816769945
2023-02-01 09:15:00,-0.01086593887550269
2023-02-02 09:15:00,0.0017212220158300262
2023-02-03 09:15:00,-0.005076979285695282
2023-02-06 09:15:00,0.0035655892788237775
2023-02-07 09:15:00,-0.0021794748587972146
2023-02-08 09:15:00,0.00968009955532656
2023-02-09 09:15:00,0.0012598910130239283
2023-02-10 09:15:00,0.0016975115545616593
2023-02-13 09:15:00,-0.015288251686047971
2023-02-14 09:15:00,-0.0016695416147667341
2023-02-15 09:15:00,0.006518799181743473
2023-02-16 09:15:00,0.007052676271975589
2023-02-17 09:15:00,-0.0014104004875409304
2023-02-20 09:15:00,-0.0006087775112335603
2023-02-21 09:15:00,-0.0030573204118784503
2023-02-22 09:15:00,-0.013347342913512361
2023-02-23 09:15:00,0.002065545565717475
2023-02-24 09:15:00,0.0004232523363008056
2023-02-27 09:15:00,-0.010205159281714282
2023-02-28 09:15:00,0.0037197279358909263
2023-03-01 09:15:00,0.01368057824454505
2023-03-02 09:15:00,-0.0005132672827441453
2023-03-03 09:15:00,0.0054927010241867524
2023-03-06 09:15:00,0.007390718734840984
2023-03-08 09:15:00,0.0021654576182672525
2023-03-09 09:15:00,-0.0043701088124308285
2023-03-10 09:15:00,-0.005575425499908193
2023-03-13 09:15:00,-0.01657059882354306
2023-03-14 09:15:00,-0.005345220145441476
2023-03-15 09:15:00,0.0013963508569811989
2023-03-16 09:15:00,-0.004339295093187201
2023-03-17 09:15:00,0.005269798368509049
2023-03-20 09:15:00,-0.007818335654169006
2023-03-21 09:15:00,0.002567157778819551
2023-03-22 09:15:00,0.0033793778939830155
2023-03-23 09:15:00,-0.003349177342699128
2023-03-24 09:15:00,-0.011650141946790149
2023-03-27 09:15:00,-0.008446030872898747
2023-03-28 09:15:00,-0.005291036253576742
2023-03-29 09:15:00,0.016731929544662183
2023-03-31 09:15:00,0.012768377875039594
2023-04-03 09:15:00,0.009751756647380594
2023-04-05 09:15:00,0.00932442757600982
2023-04-06 09:15:00,0.0027003598934411954
2023-04-10 09:15:00,0.005139757787397059
2023-04-11 09:15:00,0.005457775830791434
2023-04-12 09:15:00,0.00884581192202094
2023-04-13 09:15:00,0.006040551434871366
2023-04-17 09:15:00,0.00043173921211270283
2023-04-18 09:15:00,0.0029986219144224613
2023-04-19 09:15:00,0.0006657012474886592
2023-04-20 09:15:00,-0.00037831335737392724
2023-04-21 09:15:00,-0.0039466911604219
2023-04-24 09:15:00,0.004630079770937323
2023-04-25 09:15:00,0.0010856168692581214
2023-04-26 09:15:00,0.008210530818421047
2023-04-27 09:15:00,0.00456782478462614
2023-04-28 09:15:00,0.009972243818980209
2023-05-02 09:15:00,0.006109204452812822
2023-05-03 09:15:00,0.006127775942105673
2023-05-04 09:15:00,0.007382930792643183
2023-05-05 09:15:00,-0.00722919106321307
2023-05-08 09:15:00,0.006138468527445484
2023-05-09 09:15:00,-0.002788557954980342
2023-05-10 09:15:00,0.007252249465021121
2023-05-11 09:15:00,0.0032006357613596492
2023-05-12 09:15:00,-0.0024670562085746806
2023-05-15 09:15:00,0.007504954540661357
2023-05-16 09:15:00,0.002089281552352551
2023-05-17 09:15:00,0.005108290963743212
2023-05-18 09:15:00,-0.003935764145560405
2023-05-19 09:15:00,-0.002301663648913377
2023-05-22 09:15:00,0.004087752070196737
2023-05-23 09:15:00,-0.0002118072720906916
2023-05-24 09:15:00,0.002546502678149265
2023-05-25 09:15:00,0.0009250900303661158
2023-05-26 09:15:00,0.007350363844394137
2023-05-29 09:15:00,0.001703802493911999
2023-05-30 09:15:00,-0.0004800969670456512
2023-05-31 09:15:00,0.005997217178439929
2023-06-01 09:15:00,0.004364129746634582
2023-06-02 09:15:00,0.006262438603029885
2023-06-05 09:15:00,0.004792719952428248
2023-06-06 09:15:00,0.0010143121845282987
2023-06-07 09:15:00,0.00850649015258309
2023-06-08 09:15:00,-0.005305583577136064
2023-06-09 09:15:00,-0.004060585451905241
2023-06-12 09:15:00,0.007626696097894348
2023-06-13 09:15:00,0.009202180745587984
2023-06-14 09:15:00,0.0060216195180358145
2023-06-15 09:15:00,0.0045932583487486855
2023-06-16 09:15:00,0.007208956687184687
2023-06-19 09:15:00,0.005067415089236693
2023-06-20 09:15:00,0.0044780269565367625
2023-06-21 09:15:00,-0.0006329135324936175
2023-06-22 09:15:00,-0.008404001161676833
2023-06-23 09:15:00,-0.010539302550638396
2023-06-26 09:15:00,0.009099185487869477
2023-06-27 09:15:00,0.006690526086999826
2023-06-28 09:15:00,3.5654934544160355e-05
2023-06-30 09:15:00,0.005974520136310835
2023-07-03 09:15:00,0.004184353954977071
2023-07-04 09:15:00,-0.002620092597935497
2023-07-05 09:15:00,0.004375405452458958
2023-07-06 09:15:00,0.006588788036122839
2023-07-07 09:15:00,-0.00465965728677209
2023-07-10 09:15:00,-0.005395087827724354
2023-07-11 09:15:00,0.009353533101337907
2023-07-12 09:15:00,-0.0005778426757939714
2023-07-13 09:15:00,-0.004573789655888505
2023-07-14 09:15:00,0.011143130963567671
2023-07-17 09:15:00,0.007607571704601357
2023-07-18 09:15:00,-0.0021134130427109543
2023-07-19 09:15:00,0.003724065939669563
2023-07-20 09:15:00,0.0019012373938929183
2023-07-21 09:15:00,-0.003144130992051797
2023-07-24 09:15:00,0.001678954891734863
2023-07-25 09:15:00,0.002905418520318559
2023-07-26 09:15:00,0.003717692680789586
2023-07-27 09:15:00,0.002325453563859048
2023-07-28 09:15:00,0.0051122962751894985
2023-07-31 09:15:00,0.012257419046530327
2023-08-01 09:15:00,0.0034661328362270982
2023-08-02 09:15:00,-0.011343995595170075
2023-08-03 09:15:00,0.000976196854290734
2023-08-04 09:15:00,0.005368779267402646
2023-08-07 09:15:00,0.009206081695116053
2023-08-08 09:15:00,0.002821418344127302
2023-08-09 09:15:00,0.004122974440384786
2023-08-10 09:15:00,-0.0055904289694657106
2023-08-11 09:15:00,6.0693135664147135e-05
2023-08-14 09:15:00,-0.005874306297512177
2023-08-16 09:15:00,0.00486911655326927
2023-08-17 09:15:00,0.004323838545472025
2023-08-18 09:15:00,-0.00248140159284993
2023-08-21 09:15:00,0.008693852923174372
2023-08-22 09:15:00,0.0073831953431002795
2023-08-23 09:15:00,0.00812920835944242
2023-08-24 09:15:00,0.00400218900008853
2023-08-25 09:15:00,-0.006379165161568889
2023-08-28 09:15:00,0.0037789852289908943
2023-08-29 09:15:00,0.006477303174380777
2023-08-30 09:15:00,0.004921714359903406
2023-08-31 09:15:00,0.006075156158845463
2023-09-01 09:15:00,0.006634372476477912
2023-09-04 09:15:00,0.008999600478427627
2023-09-05 09:15:00,0.006825479025819536
2023-09-06 09:15:00,0.00239396897783295
2023-09-07 09:15:00,0.006629076122926625
2023-09-08 09:15:00,0.005161516590322934
2023-09-11 09:15:00,0.0075827690609624465
2023-09-12 09:15:00,-0.03221875891029169
2023-09-13 09:15:00,0.008270774991177454
2023-09-14 09:15:00,0.008683596141202843
2023-09-15 09:15:00,0.006158619988191338
2023-09-18 09:15:00,-0.005406997579692985
2023-09-20 09:15:00,-0.0071593401462994866
2023-09-21 09:15:00,-0.009841041996182964
2023-09-22 09:15:00,-0.001304751045064667
2023-09-25 09:15:00,0.0037472925330841456
2023-09-26 09:15:00,0.002494383549352719
2023-09-27 09:15:00,0.006571430345970075
2023-09-28 09:15:00,-0.007565754651949419
2023-09-29 09:15:00,0.012119468986546478
2023-10-03 09:15:00,0.0013680806986260396
2023-10-04 09:15:00,-0.00858296549584936
2023-10-05 09:15:00,0.0010341376271714164
2023-10-06 09:15:00,0.00835872170185259
2023-10-09 09:15:00,-0.01493404492586603
2023-10-10 09:15:00,0.01565174920467527
2023-10-11 09:15:00,0.006524333621765521
2023-10-12 09:15:00,0.002645677192483431
2023-10-13 09:15:00,-0.001381431400141131
2023-10-16 09:15:00,0.00381999251538212
2023-10-17 09:15:00,0.005168247584529384
2023-10-18 09:15:00,-0.006231473317093172
2023-10-19 09:15:00,0.0005502408253172941
2023-10-20 09:15:00,-0.01128298122474325
2023-10-23 09:15:00,-0.030787468415917618
2023-10-25 09:15:00,-0.007160164056557727
2023-10-26 09:15:00,-0.005444257815816922
2023-10-27 09:15:00,0.016481399979450195
2023-10-30 09:15:00,0.0007689415001665978
2023-10-31 09:15:00,0.003271367803142411
2023-11-01 09:15:00,-0.001110133136195346
2023-11-02 09:15:00,0.007732453566007269
2023-11-03 09:15:00,0.005663295762857734
2023-11-06 09:15:00,0.010722287972237288
2023-11-07 09:15:00,-4.7319328098760494e-05
2023-11-08 09:15:00,0.007283065739458472
2023-11-09 09:15:00,-0.004179565811077479
2023-11-10 09:15:00,0.003171409020401139
2023-11-12 18:15:00,0.00834597547112681
2023-11-13 09:15:00,-0.0017154705846004203
2023-11-15 09:15:00,0.008093115082100644
2023-11-16 09:15:00,0.004919574207299826
2023-11-17 09:15:00,0.005104560427239724
2023-11-20 09:15:00,0.0019191444972852523
2023-11-21 09:15:00,0.003792202842516801
2023-11-22 09:15:00,-0.0027815356165237226
2023-11-23 09:15:00,0.003097949244027065
2023-11-24 09:15:00,0.0035781492609108234
2023-11-28 09:15:00,0.0034888766486560474
2023-11-29 09:15:00,0.0054321310886999985
2023-11-30 09:15:00,0.009400372703255666
2023-12-01 09:15:00,0.007545653521329854
2023-12-04 09:15:00,0.015525190815444345
2023-12-05 09:15:00,0.0013557556459284914
2023-12-06 09:15:00,0.0042250348647960845
2023-12-07 09:15:00,0.003632449534348714
2023-12-08 09:15:00,-0.0037785154344159855
2023-12-11 09:15:00,0.007990232356549054
2023-12-12 09:15:00,-0.0009912692310866111
2023-12-13 09:15:00,0.004650361922437396
2023-12-14 09:15:00,0.010141845431771657
2023-12-15 09:15:00,0.008121596897413763
2023-12-18 09:15:00,0.0028127508089588193
2023-12-19 09:15:00,0.0027929410009706057
2023-12-20 09:15:00,-0.030216103654492343
2023-12-21 09:15:00,0.016745815309554102
2023-12-22 09:15:00,0.01083734806846759
2023-12-26 09:15:00,0.009240952661574209
2023-12-27 09:15:00,0.0021673085841444895
2023-12-28 09:15:00,0.00787713448012961
2023-12-29 09:15:00,0.006641271947726457
2024-01-01 09:15:00,0.008283784510536574
2024-01-02 09:15:00,0.003434866459427699
2024-01-03 09:15:00,-0.00015384078260138878
2024-01-04 09:15:00,0.007793865618860973
2024-01-05 09:15:00,0.003114581402574368
2024-01-08 09:15:00,-0.008142943311119089
2024-01-09 09:15:00,0.004727905943858968
2024-01-10 09:15:00,0.0016890409283683017
2024-01-11 09:15:00,0.007992318926288045
2024-01-12 09:15:00,0.004044417556955393
2024-01-15 09:15:00,0.0027616312364993068
2024-01-16 09:15:00,-0.0039052871652385246
2024-01-17 09:15:00,-0.010213322335459685
2024-01-18 09:15:00,-0.0029640774731169994
2024-01-19 09:15:00,0.012939057222167927
2024-01-20 09:15:00,0.0013758393869149899
2024-01-23 09:15:00,-0.02421468489203149
2024-01-24 09:15:00,0.016776726531485098
2024-01-25 09:15:00,0.0014072395626059109
2024-01-29 09:15:00,0.008728223479414599
2024-01-30 09:15:00,-0.001918707059806346
2024-01-31 09:15:00,0.01633367901372984
2024-02-01 09:15:00,0.00038765380246230663
2024-02-02 09:15:00,0.0050596829189502035
2024-02-05 09:15:00,0.00012827681173188665
2024-02-06 09:15:00,0.011816600403998567
2024-02-07 09:15:00,0.0010382150103733778
2024-02-08 09:15:00,-0.0035752280971430572
2024-02-09 09:15:00,-0.00820822649820152
2024-02-12 09:15:00,-0.021305893395048736
2024-02-13 09:15:00,0.0018502800384421203
2024-02-14 09:15:00,0.005894587769961879
2024-02-15 09:15:00,0.008890989448696596
2024-02-16 09:15:00,0.005764770565236388
2024-02-19 09:15:00,0.006242695103132689
2024-02-20 09:15:00,-0.0006963923384915027
2024-02-21 09:15:00,-0.005962400155120506
2024-02-22 09:15:00,0.00822367145941394
2024-02-23 09:15:00,0.0037190089640255497
2024-02-26 09:15:00,-0.0026882995247563546
2024-02-27 09:15:00,-0.0021121011691617175
2024-02-28 09:15:00,-0.014060351324297615
2024-02-29 09:15:00,0.007303859224650822
2024-03-01 09:15:00,0.007330477677523595
2024-03-02 09:15:00,0.0053497637505530715
2024-03-04 09:15:00,-0.0014485916004477462
2024-03-05 09:15:00,-0.0025381437553314568
2024-03-06 09:15:00,-0.00945470903295087
2024-03-07 09:15:00,0.006351900931977461
2024-03-11 09:15:00,-0.011758086072730434
2024-03-12 09:15:00,-0.017857449594178898
2024-03-13 09:15:00,-0.03909919065459744
2024-03-14 09:15:00,0.027735141733650437
2024-03-15 09:15:00,0.002746417234285259
2024-03-18 09:15:00,-0.0004354382534657031
2024-03-19 09:15:00,-0.013462748244805312
2024-03-20 09:15:00,-0.0026479835621504577
2024-03-21 09:15:00,0.017731811620389726
2024-03-22 09:15:00,0.004345311329784662
2024-03-26 09:15:00,0.0021932773970159136
2024-03-27 09:15:00,0.0011975282737002324
2024-03-28 09:15:00,0.004359840236591417
2024-04-01 09:15:00,0.02101607200979494
2024-04-02 09:15:00,0.00896704818858618
2024-04-03 09:15:00,0.007444611622322128
2024-04-04 09:15:00,0.00423935606059711
2024-04-05 09:15:00,0.005688566973546916
2024-04-08 09:15:00,0.0026455940685785606
2024-04-09 09:15:00,-0.00016698088023858748
2024-04-10 09:15:00,0.0073725693985498
2024-04-12 09:15:00,-0.0052304265175522335
2024-04-15 09:15:00,-0.012089649819287729
2024-04-16 09:15:00,0.002486688640298329
2024-04-18 09:15:00,-0.0027410439482439264
2024-04-19 09:15:00,-0.0011102779107273753
2024-04-22 09:15:00,0.010800860180860017
2024-04-23 09:15:00,0.006183539059344101
2024-04-24 09:15:00,0.010531580776736105
2024-04-25 09:15:00,0.008083391242935445
2024-04-26 09:15:00,0.010034363329167961
2024-04-29 09:15:00,-0.00035519900699909623
2024-04-30 09:15:00,-0.0008783210040281819
2024-05-02 09:15:00,0.0013194284756439245
2024-05-03 09:15:00,-0.0023894127641610474
2024-05-06 09:15:00,-0.0070761127499364695
2024-05-07 09:15:00,-0.011866339866467346
2024-05-08 09:15:00,0.0055199456458341345
2024-05-09 09:15:00,-0.021648688763389656
2024-05-10 09:15:00,0.00677784004986326
2024-05-13 09:15:00,0.001685383176257771
2024-05-14 09:15:00,0.013472351048863462
2024-05-15 09:15:00,0.0050730924224240415
2024-05-16 09:15:00,0.007704297218488199
2024-05-17 09:15:00,0.014289983956016883
2024-05-18 09:15:00,0.00810524520819178
2024-05-21 09:15:00,0.0043062948343561835
2024-05-22 09:15:00,0.005082256872894986
2024-05-23 09:15:00,0.0007013300298135405
2024-05-24 09:15:00,-0.001798935876172414
2024-05-27 09:15:00,0.0008628153419065754
2024-05-28 09:15:00,-0.005472589523244253
2024-05-29 09:15:00,0.003933119196122492
2024-05-30 09:15:00,-0.013097293764762985
2024-05-31 09:15:00,0.004548433635386484
2024-06-03 09:15:00,0.01926805812986432
2024-06-04 09:15:00,-0.05881433012816484
2024-06-05 09:15:00,0.03146464186597697
2024-06-06 09:15:00,0.02430215682844228
2024-06-07 09:15:00,0.01712514805378751
2024-06-10 09:15:00,0.01218828330679389
2024-06-11 09:15:00,0.0057192251739175415
2024-06-12 09:15:00,0.008837772994153559
2024-06-13 09:15:00,0.010148394118913773
2024-06-14 09:15:00,0.007600213365256847
2024-06-18 09:15:00,0.009197789135928058
2024-06-19 09:15:00,-0.0025269198729043207
2024-06-20 09:15:00,0.009494751723333028
2024-06-21 09:15:00,-0.0029429341460222025
2024-06-24 09:15:00,-0.00021336538729821442
2024-06-25 09:15:00,-1.4334052057196622e-05
2024-06-26 09:15:00,-0.0008991427137885477
2024-06-27 09:15:00,-0.0036924960198968515
2024-06-28 09:15:00,0.0018518724535585562
2024-07-01 09:15:00,0.01638130561966955
2024-07-02 09:15:00,0.0005015310853113686
2024-07-03 09:15:00,0.008765025743067367
2024-07-04 09:15:00,0.004916188064520988
2024-07-05 09:15:00,0.004501407622663933
2024-07-08 09:15:00,0.0028804885742925723
2024-07-09 09:15:00,0.0023231132537397947
2024-07-10 09:15:00,-0.006954000008916772
2024-07-11 09:15:00,0.006967092275415032
2024-07-12 09:15:00,-2.2218805236784434e-05
2024-07-15 09:15:00,0.0069134887674493495
2024-07-16 09:15:00,-0.00034376791577084287
2024-07-18 09:15:00,-0.008364037263729363
2024-07-19 09:15:00,-0.021265913146759963
2024-07-22 09:15:00,0.009679898835140754
2024-07-23 09:15:00,-0.006762226278539285
2024-07-24 09:15:00,0.009785933619088638
2024-07-25 09:15:00,0.0001605447189623188
2024-07-26 09:15:00,0.010345435686880622
2024-07-29 09:15:00,0.011207899803848731
2024-07-30 09:15:00,0.007708967639835862
2024-07-31 09:15:00,0.0018776210471456167
2024-08-01 09:15:00,-0.0035779636843168428
2024-08-02 09:15:00,-0.010334638077211467
2024-08-05 09:15:00,-0.03192479445107377
2024-08-06 09:15:00,-0.0005638227568030008
2024-08-07 09:15:00,0.01929056521401673
2024-08-08 09:15:00,-0.004394499439987598
2024-08-09 09:15:00,0.004376583352044827
2024-08-12 09:15:00,0.0023716802117064173
2024-08-13 09:15:00,-0.01062837794989413
2024-08-14 09:15:00,-0.006630398440774288
2024-08-16 09:15:00,0.015559478794287873
2024-08-19 09:15:00,0.009368498750227161
2024-08-20 09:15:00,0.005740756053003171
2024-08-21 09:15:00,0.00869487323458662
2024-08-22 09:15:00,0.00032178326041276684
2024-08-23 09:15:00,0.001841054424134736
2024-08-26 09:15:00,0.005458360138896445
2024-08-27 09:15:00,0.0017691976998583936
2024-08-28 09:15:00,0.00041607890647732404
2024-08-29 09:15:00,-0.002976749613174734
2024-08-30 09:15:00,0.006283474943502343
2024-09-02 09:15:00,0.000834403075212542
2024-09-03 09:15:00,0.005945319378559022
2024-09-04 09:15:00,-0.002335239473136297
2024-09-05 09:15:00,0.004616679182998906
2024-09-06 09:15:00,-0.009260519595666206
2024-09-09 09:15:00,-0.00302567361367434
2024-09-10 09:15:00,0.00943804850838137
2024-09-11 09:15:00,-0.006657373232910491
2024-09-12 09:15:00,0.0073638364037829085
2024-09-13 09:15:00,0.005308638610866279
2024-09-16 09:15:00,0.003757179406820077
2024-09-17 09:15:00,-0.002606651507827018
2024-09-18 09:15:00,-0.0038780903994394267
2024-09-19 09:15:00,-0.007490584890310958
2024-09-20 09:15:00,0.009012219769503949
2024-09-23 09:15:00,0.008419515972592162
2024-09-24 09:15:00,0.0004723972226186035
2024-09-25 09:15:00,-0.004804689268757545
2024-09-26 09:15:00,-0.0008653882313131023
2024-09-27 09:15:00,0.0009390829129087841
2024-09-30 09:15:00,-0.001004251895414754
2024-10-01 09:15:00,0.004044398975077135
2024-10-03 09:15:00,-0.018591482759847344
2024-10-04 09:15:00,-0.008009391992037096
2024-10-07 09:15:00,-0.024918737862366647
2024-10-08 09:15:00,0.021830429420074404
2024-10-09 09:15:00,0.012685391956565706
2024-10-10 09:15:00,0.0018982773658797747
2024-10-11 09:15:00,0.0014341797011139246
2024-10-14 09:15:00,0.0014691026491968628
2024-10-15 09:15:00,0.003717665557949168
2024-10-16 09:15:00,0.00235136191714469
2024-10-17 09:15:00,-0.014497872887434204
2024-10-18 09:15:00,-0.0035991734471684245
2024-10-21 09:15:00,-0.013749704203066093
2024-10-22 09:15:00,-0.02655864686958087
2024-10-23 09:15:00,0.008070439339509017
2024-10-24 09:15:00,-0.006392226468740159
2024-10-25 09:15:00,-0.020901723843990916
2024-10-28 09:15:00,0.0073572053184634
2024-10-29 09:15:00,0.008983431316551549
2024-10-30 09:15:00,0.007341910718311251
2024-10-31 09:15:00,0.006172209473393808
2024-11-01 18:00:00,0.005252773389984977
2024-11-04 09:15:00,-0.012357389959647525
2024-11-05 09:15:00,0.005323792616499734
2024-11-06 09:15:00,0.022127749404482255
2024-11-07 09:15:00,-0.0070897332769724875
2024-11-08 09:15:00,-0.01460977600452884
2024-11-11 09:15:00,-0.007573180965461335
2024-11-12 09:15:00,-0.012469412485682896
2024-11-13 09:15:00,-0.02514764401074765
2024-11-14 09:15:00,0.003967480767679721
2024-11-18 09:15:00,-0.004611665886236738
2024-11-19 09:15:00,0.007998534419828784
2024-11-21 09:15:00,-0.006664083929318165
2024-11-22 09:15:00,0.013831858260579422
2024-11-25 09:15:00,0.020536679857413143
2024-11-26 09:15:00,0.0010475715011781794
2024-11-27 09:15:00,0.007103386029326808
2024-11-28 09:15:00,0.0006244349037249908
2024-11-29 09:15:00,0.006099730091344346
2024-12-02 09:15:00,0.006203708130366303
2024-12-03 09:15:00,0.009127985550589468
2024-12-04 09:15:00,0.008411819297256873
2024-12-05 09:15:00,0.001478109487476953
2024-12-06 09:15:00,0.0037370220464001402
2024-12-09 09:15:00,-0.0008949665691349029
2024-12-10 09:15:00,0.0048363304687149
2024-12-11 09:15:00,0.003604115187692658
2024-12-12 09:15:00,-0.005962962799404559
2024-12-13 09:15:00,-0.00024075803909118232
2024-12-16 09:15:00,0.004195543074364094
2024-12-17 09:15:00,-0.008683559075647995
2024-12-18 09:15:00,-0.006139502135473651
2024-12-19 09:15:00,-0.004428644395719328
2024-12-20 09:15:00,-0.017806726013003482
2024-12-23 09:15:00,-0.0040719665289679075
2024-12-24 09:15:00,0.0032978226933566557
2024-12-26 09:15:00,-0.000789652262688123
2024-12-27 09:15:00,0.00138012240372265
2024-12-30 09:15:00,-0.006490330641387376
2024-12-31 09:15:00,0.006026342616789249
2025-01-01 09:15:00,0.003107085504659546
2025-01-02 09:15:00,0.007625485050088088
2025-01-03 09:15:00,-0.0018879591181701905
2025-01-06 09:15:00,-0.024099932690576975
2025-01-07 09:15:00,0.008430830013605561
2025-01-08 09:15:00,-0.011324455485020701
2025-01-09 09:15:00,-0.0058923515711698515
2025-01-10 09:15:00,-0.01705202381288584
2025-01-13 09:15:00,-0.034382069838074014
2025-01-14 09:15:00,0.014075520430710142
2025-01-15 09:15:00,0.005257207397345809
2025-01-16 09:15:00,0.010780588005023128
2025-01-17 09:15:00,0.004759792343269176
2025-01-20 09:15:00,0.007572075435519077
2025-01-21 09:15:00,-0.020871195866570935
2025-01-22 09:15:00,-0.010262017175192262
2025-01-23 09:15:00,0.009186382537557991
2025-01-24 09:15:00,-0.019858259621916452
2025-01-27 09:15:00,-0.023332173162087688
2025-01-28 09:15:00,-0.0094515070809994
2025-01-29 09:15:00,0.022806942230211735
2025-01-30 09:15:00,0.0026431071819068563
2025-01-31 09:15:00,0.016313635063615495
2025-02-01 09:15:00,0.0005483073142003025
2025-02-03 09:15:00,-0.013223367472332881
2025-02-04 09:15:00,0.009937697972672188
2025-02-05 09:15:00,0.008798835417825446
2025-02-06 09:15:00,-0.002529529878242509
2025-02-07 09:15:00,-0.00046667344224771146
2025-02-10 09:15:00,-0.016135706121068294
2025-02-11 09:15:00,-0.026537846548988386
2025-02-12 09:15:00,-0.005109442507317374
2025-02-13 09:15:00,-0.0007760308242148461
2025-02-14 09:15:00,-0.023421548417043803
2025-02-17 09:15:00,0.0023100713424177854
2025-02-18 09:15:00,-0.005918662773996997
2025-02-19 09:15:00,0.009946735296832543
2025-02-20 09:15:00,0.009750519353696419
2025-02-21 09:15:00,-0.008646018695817825
2025-02-24 09:15:00,-0.007020019138733513
2025-02-25 09:15:00,-0.005752976521137043
2025-02-27 09:15:00,-0.01106161173201603
2025-02-28 09:15:00,-0.02221605399456439
2025-03-03 09:15:00,-0.0033316328120384098
2025-03-04 09:15:00,0.007674696407286019
2025-03-05 09:15:00,0.026549788534316
2025-03-06 09:15:00,0.012548799923848275
2025-03-07 09:15:00,0.0022823987445448335
2025-03-10 09:15:00,-0.015946001688818434
2025-03-11 09:15:00,-0.0007295420264713526
2025-03-12 09:15:00,-0.0035866728981507334
2025-03-13 09:15:00,-0.003216702892248291
2025-03-17 09:15:00,0.0037003970043081313
2025-03-18 09:15:00,0.02057748521754177
2025-03-19 09:15:00,0.016887707521158646
2025-03-20 09:15:00,0.005574266859427857
2025-03-21 09:15:00,0.014964184967939165
2025-03-24 09:15:00,0.012082984720478862
2025-03-25 09:15:00,-0.012017912274286724
2025-03-26 09:15:00,-0.01054052948921802
2025-03-27 09:15:00,0.010788280840163145
2025-03-28 09:15:00,-0.005514392140483992
2025-04-01 09:15:00,-0.002186875919846454
2025-04-02 09:15:00,0.0029463509999163584
